-- phpMyAdmin SQL Dump
-- version 4.7.9
-- https://www.phpmyadmin.net/
--
-- Host: 127.0.0.1
-- Generation Time: May 21, 2018 at 04:39 PM
-- Server version: 10.1.31-MariaDB
-- PHP Version: 7.2.3

SET SQL_MODE = "NO_AUTO_VALUE_ON_ZERO";
SET AUTOCOMMIT = 0;
START TRANSACTION;
SET time_zone = "+00:00";


/*!40101 SET @OLD_CHARACTER_SET_CLIENT=@@CHARACTER_SET_CLIENT */;
/*!40101 SET @OLD_CHARACTER_SET_RESULTS=@@CHARACTER_SET_RESULTS */;
/*!40101 SET @OLD_COLLATION_CONNECTION=@@COLLATION_CONNECTION */;
/*!40101 SET NAMES utf8mb4 */;

--
-- Database: `phpspringclass2018`
--

-- --------------------------------------------------------

--
-- Table structure for table `categories`
--

CREATE TABLE `categories` (
  `category_id` int(10) UNSIGNED NOT NULL,
  `category` varchar(150) COLLATE utf8_unicode_ci NOT NULL
) ENGINE=InnoDB DEFAULT CHARSET=utf8 COLLATE=utf8_unicode_ci;

--
-- Dumping data for table `categories`
--

INSERT INTO `categories` (`category_id`, `category`) VALUES
(3, 'oils'),
(4, 'snacks'),
(1, 'tea'),
(2, 'teacups');

-- --------------------------------------------------------

--
-- Table structure for table `corps`
--

CREATE TABLE `corps` (
  `id` mediumint(8) UNSIGNED NOT NULL,
  `corp` varchar(255) DEFAULT NULL,
  `incorp_dt` varchar(255) DEFAULT NULL,
  `email` varchar(255) DEFAULT NULL,
  `zipcode` varchar(10) DEFAULT NULL,
  `owner` varchar(255) DEFAULT NULL,
  `phone` varchar(100) DEFAULT NULL
) ENGINE=InnoDB DEFAULT CHARSET=utf8;

--
-- Dumping data for table `corps`
--

INSERT INTO `corps` (`id`, `corp`, `incorp_dt`, `email`, `zipcode`, `owner`, `phone`) VALUES
(4, 'Ullamcorper Nisl Ltd', '2014-11-27 13:23:21', 'et@tinciduntpede.ca', '23696', 'Barrett Terrell', '(550) 415-1750'),
(5, 'Neque Venenatis Institute', '2016-02-23 23:03:02', 'metus@facilisisfacilisis.org', '76721', 'Sybill Short', '(914) 230-1801'),
(6, 'Eu Ultrices Sit Inc.', '2014-09-18 03:54:32', 'ipsum.Phasellus@pedeSuspendisse.edu', '42658', 'Sonia Hoover', '(451) 615-3651'),
(7, 'Donec Dignissim Consulting', '2015-11-12 19:15:40', 'enim@liberoDonec.co.uk', '30384', 'Levi Lucas', '(823) 252-6181'),
(8, 'Vestibulum Consulting', '2015-06-18 22:29:13', 'Lorem.ipsum@asollicitudin.net', '56535', 'Rigel Cotton', '(174) 198-3036'),
(9, 'Per Inceptos Hymenaeos Consulting', '2014-12-31 18:07:46', 'hendrerit.neque@etnuncQuisque.ca', '99171', 'Zahir Hodges', '(685) 883-9392'),
(10, 'Risus Company', '2014-08-18 09:51:28', 'mauris.elit@malesuadafames.net', '89005', 'Quyn Flowers', '(391) 964-0795'),
(11, 'Tortor Dictum Eu Consulting', '2016-01-31 06:04:39', 'neque.non.quam@idenimCurabitur.org', '37220', 'Ima Snow', '(654) 159-5318'),
(12, 'Aliquam Eros Turpis Consulting', '2015-10-17 22:40:27', 'rhoncus@egestaslacinia.ca', '72484', 'Macon Randolph', '(519) 735-5717'),
(13, 'A Limited', '2015-03-28 23:05:21', 'pede.ultrices.a@vulputatelacusCras.co.uk', '38399', 'Tasha Clayton', '(448) 113-1097'),
(14, 'Rhoncus Proin Nisl Incorporated', '2016-06-14 18:08:27', 'purus@quamvelsapien.ca', '32465', 'Fitzgerald Mcdaniel', '(698) 195-6845'),
(15, 'Magnis Dis Parturient Associates', '2016-07-25 15:08:56', 'libero@aneque.com', '25911', 'Anastasia Fields', '(200) 633-6471'),
(16, 'Tincidunt Company', '2016-05-28 06:03:47', 'tincidunt@nec.com', '37345', 'Jacob Cole', '(468) 227-0300'),
(17, 'Eu Ultrices Sit Institute', '2014-12-15 02:48:23', 'molestie@velit.org', '24866', 'Finn Phillips', '(346) 604-9607'),
(18, 'Nunc Consulting', '2015-07-27 07:21:36', 'Donec.porttitor@posuereenim.com', '91466', 'Alice Calderon', '(373) 130-3056'),
(19, 'Sem Pellentesque Ut Inc.', '2014-12-12 20:47:08', 'purus.ac.tellus@Nulla.ca', '70033', 'Kirestin Herring', '(896) 944-1756'),
(20, 'Fusce Limited', '2014-11-18 06:30:43', 'et.magnis.dis@Donec.org', '16892', 'Vielka Manning', '(299) 729-8594'),
(21, 'Sem Egestas Blandit LLC', '2015-07-26 12:50:55', 'dolor@vulputateduinec.edu', '75783', 'Quyn Whitfield', '(583) 999-5184'),
(22, 'Metus Aenean LLP', '2015-03-22 06:34:45', 'auctor@elitpede.co.uk', '56685', 'Barry Bryan', '(833) 979-0609'),
(23, 'Mi Pede Nonummy Institute', '2015-01-25 02:18:25', 'natoque.penatibus.et@Curabiturdictum.org', '96833', 'Nora Poole', '(493) 455-3431'),
(24, 'Egestas Ligula Nullam Associates', '2014-09-30 09:35:14', 'arcu@egestas.co.uk', '32504', 'Rhonda Key', '(554) 590-8054'),
(25, 'Laoreet Libero Industries', '2016-06-24 16:15:32', 'Praesent.eu@habitantmorbi.ca', '74067', 'Zeus Gay', '(137) 192-2133'),
(26, 'Egestas Corp.', '2015-05-21 14:37:39', 'Cras@Nunclectuspede.org', '67541', 'Roary Alvarez', '(179) 893-9016'),
(27, 'Arcu Eu Corp.', '2014-10-01 22:34:58', 'tincidunt@idmollisnec.com', '41583', 'Ainsley Cervantes', '(468) 130-2667'),
(28, 'Tellus Limited', '2016-07-04 06:57:25', 'semper.dui@nisi.com', '50230', 'Cleo Price', '(171) 681-5708'),
(29, 'Erat Eget LLC', '2015-02-04 04:13:22', 'Sed.et.libero@penatibusetmagnis.edu', '30147', 'Chloe Noel', '(215) 643-2868'),
(30, 'Praesent Eu PC', '2015-10-04 18:29:01', 'turpis.egestas@Donec.com', '46540', 'Ulla Burgess', '(126) 522-5355'),
(31, 'Pede Associates', '2015-09-12 04:41:46', 'ac@pretiumneque.ca', '38957', 'Raven Randall', '(466) 545-1167'),
(32, 'Velit LLC', '2015-09-21 23:03:56', 'Sed.auctor.odio@nec.ca', '83526', 'Mufutau Hunter', '(305) 868-3851'),
(33, 'In Associates', '2015-02-21 07:08:22', 'orci.Ut@lectus.ca', '93600', 'Cheryl Maldonado', '(938) 667-6760'),
(34, 'Est Incorporated', '2015-12-22 10:59:56', 'parturient.montes.nascetur@Praesent.org', '69186', 'Hector Mcgee', '(627) 184-9762'),
(35, 'Phasellus Elit Pede Ltd', '2015-10-25 01:18:46', 'ut@lacus.com', '95460', 'Dorothy Richardson', '(255) 588-1425'),
(36, 'Amet Industries', '2016-01-20 02:22:44', 'Aenean.euismod.mauris@ipsumprimis.ca', '42876', 'Madeson Kerr', '(707) 159-9470'),
(37, 'Sagittis Nullam Limited', '2015-06-03 13:19:32', 'lacinia@ullamcorpervelitin.net', '71023', 'Christine Lester', '(120) 612-9697'),
(38, 'Venenatis Vel Corporation', '2016-04-23 12:31:14', 'velit@nisiCum.org', '56146', 'Whilemina Turner', '(748) 745-3684'),
(39, 'Ut PC', '2015-06-06 03:03:24', 'lobortis.quam@ipsumcursusvestibulum.co.uk', '34381', 'Maya Pittman', '(934) 286-0203'),
(40, 'Sollicitudin Orci Sem Corp.', '2015-07-17 21:12:32', 'parturient.montes@Integermollis.com', '26951', 'Robert Jefferson', '(180) 873-6852'),
(41, 'Curabitur Company', '2016-02-01 11:17:41', 'felis.Donec.tempor@pedenec.co.uk', '46557', 'Risa Fitzgerald', '(268) 522-6673'),
(42, 'Diam Limited', '2016-07-16 08:50:57', 'in.felis.Nulla@natoquepenatibus.net', '77028', 'Oprah Key', '(905) 394-5799'),
(43, 'Porttitor LLP', '2014-09-26 03:50:18', 'id@nectempus.org', '85718', 'Debra Bishop', '(469) 649-0433'),
(44, 'Convallis In Foundation', '2015-06-07 00:28:48', 'tristique.ac.eleifend@a.org', '49950', 'Madeline Terrell', '(923) 489-3444'),
(45, 'Ac Risus PC', '2014-09-24 06:39:09', 'imperdiet@egetodioAliquam.edu', '73472', 'Winter Pugh', '(732) 295-7568'),
(46, 'Dis Parturient Montes Incorporated', '2015-07-07 11:33:58', 'auctor.velit.Aliquam@Vivamus.edu', '34632', 'Kalia Michael', '(374) 360-1040'),
(47, 'Lobortis Quam Consulting', '2015-11-19 10:11:09', 'Aliquam@duiFusce.net', '83460', 'Noel Wilder', '(605) 490-8886'),
(48, 'Congue Turpis In Foundation', '2016-06-15 18:13:09', 'In@magnisdisparturient.net', '74970', 'Sacha Harrison', '(914) 761-7252'),
(49, 'Parturient Montes Consulting', '2016-02-07 01:03:10', 'leo@lacusEtiam.com', '38599', 'Megan Clements', '(551) 781-7348'),
(50, 'Nisi PC', '2016-03-15 12:21:22', 'amet.metus@etultricesposuere.ca', '94061', 'Imogene Hernandez', '(141) 592-5495'),
(51, 'Morbi Vehicula Incorporated', '2014-11-13 13:21:53', 'tempus@ametorciUt.com', '84215', 'Jonah Grimes', '(461) 274-9610'),
(52, 'Aliquet Consulting', '2016-01-29 03:28:25', 'ligula.Aenean.euismod@eunequepellentesque.edu', '98563', 'Iola Brennan', '(699) 862-4288'),
(53, 'Fames Ac Turpis Ltd', '2014-12-03 15:59:27', 'ornare.lectus@venenatis.net', '75158', 'Charity Dyer', '(374) 864-3774'),
(54, 'Hendrerit A LLC', '2015-06-19 18:59:39', 'lobortis@tempor.net', '38442', 'Melodie Bryan', '(510) 146-1652'),
(55, 'Proin Corp.', '2016-05-18 05:05:46', 'convallis.dolor.Quisque@turpisIn.org', '50628', 'Branden Nolan', '(273) 715-4979'),
(56, 'Augue PC', '2015-06-12 18:55:33', 'non.arcu.Vivamus@quisdiam.co.uk', '74142', 'Tad Kirk', '(745) 490-4575'),
(57, 'Eu Neque Pellentesque Foundation', '2014-09-17 12:32:33', 'Vivamus.nibh.dolor@Nuncullamcorpervelit.net', '92867', 'Susan Boyer', '(112) 121-1593'),
(58, 'Luctus Inc.', '2016-02-23 12:39:21', 'sed.est.Nunc@ligulaNullam.org', '15147', 'Gage Frazier', '(126) 140-8255'),
(59, 'Eu Erat Semper LLC', '2015-11-02 10:01:52', 'mauris.Integer@Praesenteu.net', '22235', 'Carolyn Travis', '(303) 937-3100'),
(60, 'Quisque Varius Company', '2016-01-29 16:50:55', 'orci.Ut.sagittis@dui.com', '77675', 'Kendall Witt', '(975) 220-4279'),
(61, 'Pharetra LLP', '2016-02-07 17:29:32', 'ac@pretiumaliquetmetus.ca', '31254', 'Bethany Black', '(329) 322-0160'),
(62, 'Donec Tempus Lorem LLP', '2015-08-16 19:06:44', 'tristique@interdumligula.net', '62396', 'Lila Foreman', '(529) 777-4726'),
(63, 'Nisl Inc.', '2016-03-23 09:00:19', 'Suspendisse.eleifend.Cras@adipiscingligulaAenean.com', '19241', 'Gannon Klein', '(316) 563-4587'),
(64, 'Velit Incorporated', '2015-02-22 14:40:49', 'tincidunt.vehicula@egestas.edu', '23611', 'Dominique Gray', '(860) 840-3830'),
(65, 'Proin Ltd', '2016-04-30 01:05:29', 'lobortis@placeratCrasdictum.com', '20643', 'Britanney Suarez', '(639) 821-9474'),
(66, 'Non Lacinia Foundation', '2015-03-16 23:53:45', 'sit.amet.ultricies@tempor.edu', '43883', 'Sophia Marsh', '(717) 413-8189'),
(67, 'Enim Diam Corporation', '2014-10-08 02:07:18', 'Proin@etnetus.edu', '79896', 'Hayley Diaz', '(286) 694-3837'),
(68, 'Ac Feugiat Non Industries', '2014-12-13 16:46:13', 'Maecenas.iaculis.aliquet@quisaccumsan.ca', '60928', 'Isabella Bernard', '(148) 771-8890'),
(69, 'In Limited', '2016-01-29 03:09:16', 'ante@odiovelest.ca', '53316', 'Sasha Huff', '(914) 789-3095'),
(70, 'Et PC', '2015-02-26 10:25:26', 'ultricies.ornare@sit.ca', '17502', 'Hadassah Ochoa', '(919) 898-2413'),
(71, 'Montes PC', '2016-02-28 18:01:57', 'vestibulum.neque.sed@Fusce.com', '98306', 'Blake Romero', '(535) 497-9894'),
(72, 'Placerat Eget Incorporated', '2015-09-05 21:39:43', 'ac.orci@Duisat.net', '69677', 'Lacey Sexton', '(789) 632-6112'),
(73, 'Duis A Company', '2015-06-25 09:43:56', 'Phasellus@metus.edu', '82446', 'Kirk Hopkins', '(479) 718-4355'),
(74, 'Ac Turpis Egestas Foundation', '2015-05-21 02:13:00', 'iaculis.nec@tinciduntvehicula.net', '63971', 'Jescie Barry', '(318) 269-8113'),
(75, 'Sit Corp.', '2016-02-16 03:43:37', 'ornare@acarcu.edu', '25983', 'Abra Heath', '(898) 619-5333'),
(76, 'Aliquet Nec Foundation', '2015-10-08 07:52:13', 'luctus@magnatellus.net', '45589', 'Quon Kent', '(508) 679-3903'),
(77, 'Vitae Corporation', '2014-09-03 03:19:32', 'a.purus.Duis@convallis.org', '35212', 'Vincent Mays', '(174) 600-7944'),
(78, 'Blandit At Limited', '2016-07-09 14:15:28', 'dolor.Nulla.semper@ametrisus.co.uk', '29292', 'Byron Valentine', '(473) 370-1174'),
(79, 'Mi Foundation', '2014-09-19 14:54:37', 'Nam.ligula@parturientmontesnascetur.edu', '95002', 'Sheila Robles', '(773) 131-9834'),
(80, 'Ultricies Dignissim Lacus Industries', '2016-07-09 19:01:32', 'Integer.mollis@Duis.co.uk', '57217', 'Yasir Hardin', '(510) 335-2052'),
(81, 'Rutrum Magna Institute', '2014-09-07 14:19:53', 'lorem.semper.auctor@arcu.net', '79579', 'Zephr Lamb', '(354) 940-6236'),
(82, 'Orci PC', '2015-06-25 09:01:52', 'metus@elitpede.org', '26067', 'Joel Strickland', '(724) 758-0317'),
(83, 'A Nunc In Corporation', '2015-01-06 17:59:36', 'penatibus.et.magnis@netusetmalesuada.com', '35816', 'Ingrid Goodwin', '(321) 971-5653'),
(84, 'Nam Interdum Incorporated', '2015-05-08 17:07:48', 'leo@Nunc.edu', '88778', 'Wylie Stanton', '(563) 518-6200'),
(85, 'Eu Tempor Erat Incorporated', '2015-05-13 13:44:51', 'nisl@leoMorbineque.edu', '19739', 'Macy Haley', '(166) 311-5741'),
(86, 'Magnis Industries', '2016-01-18 04:01:41', 'ultricies.ornare.elit@nislQuisque.net', '65686', 'Claire Espinoza', '(990) 419-6874'),
(87, 'Maecenas Libero Est Ltd', '2016-03-03 03:08:28', 'sit.amet.risus@nonquamPellentesque.co.uk', '51008', 'Serena Olsen', '(186) 853-6142'),
(88, 'Class Aptent LLC', '2015-08-01 12:11:13', 'penatibus@adipiscinglobortisrisus.co.uk', '59616', 'Geraldine Padilla', '(795) 188-4586'),
(89, 'Mauris Incorporated', '2015-02-03 13:55:33', 'tristique.senectus@duisemper.com', '66551', 'Rina Munoz', '(259) 234-3714'),
(90, 'Diam Associates', '2015-10-03 01:26:07', 'Sed.congue@viverra.com', '18491', 'Regina Acevedo', '(425) 730-5688'),
(91, 'Nunc Id Ltd', '2015-04-15 22:23:35', 'dolor.dolor.tempus@atiaculis.net', '40683', 'Quyn Weeks', '(988) 900-5160'),
(92, 'Placerat Foundation', '2015-10-06 12:56:33', 'Quisque.porttitor.eros@necmollis.com', '69704', 'Lionel Dean', '(916) 843-3857'),
(93, 'Et Risus Quisque Company', '2015-12-31 08:13:46', 'adipiscing@egetvenenatis.ca', '69358', 'Aphrodite Horn', '(211) 946-5836'),
(94, 'Ut Nec PC', '2016-07-30 14:37:27', 'dictum@elitNullafacilisi.com', '12078', 'Madonna Casey', '(966) 455-9954'),
(95, 'Consequat Enim LLP', '2014-10-24 07:22:31', 'at.arcu@odiosagittis.edu', '97848', 'Medge Miles', '(280) 542-2949'),
(96, 'Parturient Montes Nascetur LLC', '2014-09-02 04:42:25', 'neque@Suspendissedui.com', '87534', 'Florence Atkinson', '(124) 178-0695'),
(98, 'Malesuada Corp.', '2015-05-06 13:14:47', 'congue.a.aliquet@famesac.org', '67201', 'Gray Roberson', '(385) 695-2879'),
(99, 'Odio Vel Est LLP', '2015-02-26 21:52:25', 'tristique.pharetra@lacusQuisqueimperdiet.net', '93470', 'Jolie Barton', '(742) 818-6378'),
(100, 'Eu Tempor Inc.', '2015-02-12 00:38:12', 'nascetur.ridiculus@luctus.org', '82479', 'Kyle Mejia', '(241) 578-5052'),
(101, 'YMCMB', NULL, 'ymcmb@keepitG.com', '42042', 'Weezy FB', '2147483647'),
(117, 'New Store', NULL, 'newstore@newstore.com', '55555', 'Taylor', '2147483647'),
(119, 'Newest Store', NULL, 'neweststore@cox.net', '55555', 'Tina', '2147483647'),
(120, 'Rockafella Recordz', NULL, 'rockafella@gmail.com', '44444', 'Jayz', '1234567891'),
(145, 'fndjsfnjdgsnsNDSMNFK', '2018-04-14 22:35:09', 'JFKNJKFNKJD', '77777', 'NFJDKNFKJ', '847753235'),
(148, 'CardiBizzzzzz', '2018-04-14 23:21:27', 'Cardi@gmail.com', '42312', 'Cardi B', '346544574'),
(149, 'fdsgfsgdfs', '2018-04-14 23:41:52', 'fdsfds', '3333', 'fdsgsd', '78787'),
(150, 'Elizabeth&#39;s Boutique', '2018-04-16 15:29:13', 'LizIsTheWorst@cox.net', '88888', 'The ABSOLUTE Worst Person Ever', '2147483647'),
(151, 'tesrey', '2018-04-28 12:46:02', 'hj', '0', 'bh', '0');

-- --------------------------------------------------------

--
-- Table structure for table `demo`
--

CREATE TABLE `demo` (
  `id` int(10) UNSIGNED NOT NULL,
  `fName` varchar(30) NOT NULL,
  `lName` varchar(30) NOT NULL,
  `age` tinyint(3) UNSIGNED NOT NULL
) ENGINE=InnoDB DEFAULT CHARSET=utf8;

--
-- Dumping data for table `demo`
--

INSERT INTO `demo` (`id`, `fName`, `lName`, `age`) VALUES
(1, 'Steph', 'Michalopoulos', 26),
(2, 'Taylor', 'Zigas', 8),
(3, 'gfdg', 'Zigas', 33),
(4, 'Tina', 'Zigas', 50),
(5, 'Britney', 'Spears', 35),
(6, 'steph', 'mich', 33);

-- --------------------------------------------------------

--
-- Table structure for table `products`
--

CREATE TABLE `products` (
  `product_id` int(10) UNSIGNED NOT NULL,
  `category_id` int(10) UNSIGNED NOT NULL,
  `product` varchar(150) COLLATE utf8_unicode_ci NOT NULL,
  `price` float(10,2) NOT NULL,
  `image` varchar(100) COLLATE utf8_unicode_ci DEFAULT NULL
) ENGINE=InnoDB DEFAULT CHARSET=utf8 COLLATE=utf8_unicode_ci;

--
-- Dumping data for table `products`
--

INSERT INTO `products` (`product_id`, `category_id`, `product`, `price`, `image`) VALUES
(1, 1, 'Peppermint Tea', 3.99, 'images/peppermintTea.jpg'),
(2, 1, 'Chamomile Lavender Tea', 3.49, 'images/chamomileLavTea.jpg'),
(3, 1, 'Ginger Tea', 3.99, 'images/gingerTea.jpg'),
(4, 1, 'Nighty Night Tea', 3.99, 'images/nightyNightTea.jpg'),
(5, 2, 'Travel Cup 3 Pack', 21.99, 'images/teacup1.jpg'),
(6, 2, 'Blue Travel Teacup', 7.99, 'images/teacup2.jpg'),
(7, 2, 'Purple Travel Teacup', 8.99, 'images/teacup3.jpg'),
(8, 2, 'Glass Travel Teacup', 12.99, 'images/teacup4.jpg'),
(9, 3, 'Lavender Oil', 12.99, 'images/lavenderOil.jpg'),
(10, 3, 'Eucalyptus Oil', 13.99, 'images/eucalyptusOil.jpg'),
(11, 3, 'Peppermint Oil', 14.99, 'images/peppermintOil.jpg'),
(12, 3, 'Tea Tree Oil', 13.99, 'images/teaTreeOil.jpg'),
(13, 1, 'Cooling Sage Tea', 3.99, 'images/coolingSageTea.jpg');

-- --------------------------------------------------------

--
-- Table structure for table `sitelinks`
--

CREATE TABLE `sitelinks` (
  `site_id` int(11) NOT NULL,
  `link` varchar(255) COLLATE utf8_bin NOT NULL
) ENGINE=InnoDB DEFAULT CHARSET=utf8 COLLATE=utf8_bin;

--
-- Dumping data for table `sitelinks`
--

INSERT INTO `sitelinks` (`site_id`, `link`) VALUES
(55, 'h'),
(55, 'h'),
(55, 'h'),
(55, 'h'),
(55, 'h'),
(55, 'h'),
(55, 'h'),
(55, 'h'),
(56, 'https://images-na.ssl-images-amazon.com/images/G/01/AUIClients/AmazonUI-3c913031596ca78a3768f4e934b1cc02ce238101.secure.min._V1_.css'),
(56, 'https://developer.amazonservices.com/ref'),
(56, 'https://affiliate-program.amazon.com/gp/advertising/api/detail/main.html/ref'),
(56, 'https://images-na.ssl-images-amazon.com/captcha/usvmgloq/Captcha_grccojmulh.jpg'),
(56, 'https://www.amazon.com/gp/help/customer/display.html/ref'),
(56, 'https://fls-na.amaz'),
(56, 'https://fls-na.amazon.com/1/oc-csi/1/OP/requestId'),
(56, 'https://images-na.ssl-images-amazon.com/images/G/01/csminstrumentation/csm-captcha-instrumentation.min._V'),
(57, 'http://schema.org/WebPage'),
(57, 'https://ssl.gstatic.com/gb/images/b_8d5afc09.png'),
(57, 'https://ssl.gstatic.com/gb/images/b8_3615d64d.png'),
(57, 'https://apis.google.com'),
(57, 'https://plusone.google.com/u/0'),
(57, 'https://ssl.gstatic.com/gb/images/silhouette_24.png'),
(57, 'https://ssl.gstatic.com/gb/images/silhouette_96.png'),
(57, 'https://www.google.com/webhp'),
(57, 'http://www.google.com/imghp'),
(57, 'http://maps.google.com/maps'),
(57, 'https://play.google.com/'),
(57, 'http://www.youtube.com/'),
(57, 'http://news.google.com/nwshp'),
(57, 'https://mail.google.com/mail/'),
(57, 'https://drive.google.com/'),
(57, 'https://www.google.com/intl/en/options/'),
(57, 'https://www.google.com/calendar'),
(57, 'http://translate.google.com/'),
(57, 'http://www.google.com/mobile/'),
(57, 'https://books.google.com/bkshp'),
(57, 'http://www.google.com/shopping'),
(57, 'http://www.blogger.com/'),
(57, 'http://www.google.com/finance'),
(57, 'https://photos.google.com/'),
(57, 'http://video.google.com/'),
(57, 'https://docs.google.com/document/'),
(57, 'https://accounts.google.com/ServiceLogin'),
(57, 'http://www.google.com/'),
(57, 'http://www.google.com/preferences'),
(57, 'http://www.google.com/history/optout'),
(57, 'https://plus.google.com/116899029375914044550'),
(58, 'https://cdn.sstatic.net/Sites/stackoverflow/img/favicon.ico'),
(58, 'https://cdn.sstatic.net/Sites/stackoverflow/img/apple-touch-icon.png'),
(58, 'https://stackoverflow.com/'),
(58, 'https://cdn.sstatic.net/Sites/stackoverflow/img/apple-touch-icon'),
(58, 'https://ajax.googleapis.com/ajax/libs/jquery/1.12.4/jquery.min.js'),
(58, 'https://cdn.sstatic.net/Js/stub.en.js'),
(58, 'https://cdn.sstatic.net/Shared/stacks.css'),
(58, 'https://cdn.sstatic.net/Sites/stackoverflow/primary.css'),
(58, 'https://stackauth.com'),
(58, 'https://meta.stackoverflow.com'),
(58, 'https://stackoverflow.com'),
(58, 'https://stackoverflow.com/teams'),
(58, 'https://stackexchange.com/users/'),
(58, 'https://stackexchange.com'),
(58, 'https://stackoverflow.com/users/login'),
(58, 'https://stackoverflow.com/users/signup'),
(58, 'https://stackoverflow.com/help'),
(58, 'https://chat.stackoverflow.com'),
(58, 'https://stackexchange.com/sites'),
(58, 'https://stackoverflow.blog'),
(58, 'https://stackoverflow.com/company/about'),
(58, 'https://www.stackoverflowbusiness.com/'),
(58, 'https://accounts.google.com/o/oauth2/auth'),
(58, 'https://www.facebook.com/v2.0/dialog/oauth'),
(58, 'https://stackexchange.com/legal/privacy-policy'),
(58, 'https://stackexchange.com/legal/terms-of-service'),
(58, 'https://www.stackoverflowbusiness.com'),
(58, 'https://cdn.sstatic.net/clc/clc.min.js'),
(58, 'https://cdn.sstatic.net/clc/styles/clc.min.css'),
(58, 'https://clc.stackoverflow.com/markup.js'),
(58, 'https://www.googletagservices.com/tag/js/gpt.js'),
(58, 'https://stackexchange.com/questions'),
(58, 'https://tex.stackexchange.com/questions/431317/latex-beamer-warsaw-theme-custom-headline-horizontal-toc'),
(58, 'https://academia.stackexchange.com/questions/109653/is-it-always-acceptable-to-publish-working-papers-on-your-website-before-submiss'),
(58, 'https://tex.stackexchange.com/questions/431295/roman-style-of-an-author-field-in-biblatexs-bibstyle-gost'),
(58, 'https://mathoverflow.net/questions/300049/homeomorphism-homotopy-types-of-non-negatively-curved-manifolds'),
(58, 'https://codereview.stackexchange.com/questions/194254/validating-user-provided-control-points-for-a-b'),
(58, 'https://parenting.stackexchange.com/questions/33906/my-partners-pregnant-with-her-second-child-my-first-and-shows-no-emotions-ho'),
(58, 'https://academia.stackexchange.com/questions/109343/slept-through-final-professor-is-giving-me-a-zero-and-failing-me-is-there-any'),
(58, 'https://security.stackexchange.com/questions/185711/how-can-android-encryption-be-so-fast'),
(58, 'https://stackoverflow.com/questions/50298358/where-is-the-lock-for-a-stdatomic'),
(58, 'https://interpersonal.stackexchange.com/questions/14337/parents-less-than-desireable-response-to-my-good-news-how-to-let-them-know-i-d'),
(58, 'https://superuser.com/questions/1321840/is-this-definition-of-bios-incorrect'),
(58, 'https://mechanics.stackexchange.com/questions/54202/does-kicking-a-tire-off-your-car-from-underneath-it-while-its-held-up-by-a-stab'),
(58, 'https://workplace.stackexchange.com/questions/111972/how-to-communicate-with-a-manager-who-forbids-me-to-write-emails-and-denies-that'),
(58, 'https://rpg.stackexchange.com/questions/122391/a-player-made-a-4th-level-character-for-our-new-game-and-didnt-tell-me-now-wha'),
(58, 'https://askubuntu.com/questions/1035383/on-input-source-change-the-scroll-lock-toggles'),
(58, 'https://interpersonal.stackexchange.com/questions/14377/how-to-address-a-someone-who-is-constantly-offended-on-my-behalf'),
(58, 'https://aviation.stackexchange.com/questions/51477/do-negative-angles-of-attack-create-lift'),
(58, 'https://electronics.stackexchange.com/questions/373892/is-there-any-difference-between-transferring-dc-over-one-36-mm'),
(58, 'https://photo.stackexchange.com/questions/98579/arent-all-images-ultimately-just-pixel-values-between-0-255'),
(58, 'https://unix.stackexchange.com/questions/443226/what-determines-which-linux-commands-require-root-access'),
(58, 'https://outdoors.stackexchange.com/questions/19326/two-kids-sharing-a-sleeping-bag'),
(58, 'https://codereview.stackexchange.com/questions/194267/express-a-number-as-sum-of-2-primes'),
(58, 'https://travel.stackexchange.com/questions/114689/where-and-why-are-there-metric-road-signs-in-arizona'),
(58, 'https://movies.stackexchange.com/questions/88933/how-did-banner-know-dr-strange'),
(58, 'https://stackoverflow.com/jobs'),
(58, 'https://stackoverflow.com/jobs/directory/developer-jobs'),
(58, 'https://stackoverflow.com/jobs/salary'),
(58, 'https://www.stackoverflowbusiness.com/talent'),
(58, 'https://www.stackoverflowbusiness.com/advertise'),
(58, 'https://stackoverflow.com/enterprise'),
(58, 'https://stackoverflow.com/company/press'),
(58, 'https://stackoverflow.com/company/work-here'),
(58, 'https://stackexchange.com/legal'),
(58, 'https://stackoverflow.com/company/contact'),
(58, 'https://serverfault.com'),
(58, 'https://superuser.com'),
(58, 'https://webapps.stackexchange.com'),
(58, 'https://askubuntu.com'),
(58, 'https://webmasters.stackexchange.com'),
(58, 'https://gamedev.stackexchange.com'),
(58, 'https://tex.stackexchange.com'),
(58, 'https://softwareengineering.stackexchange.com'),
(58, 'https://unix.stackexchange.com'),
(58, 'https://apple.stackexchange.com'),
(58, 'https://wordpress.stackexchange.com'),
(58, 'https://gis.stackexchange.com'),
(58, 'https://electronics.stackexchange.com'),
(58, 'https://android.stackexchange.com'),
(58, 'https://security.stackexchange.com'),
(58, 'https://dba.stackexchange.com'),
(58, 'https://drupal.stackexchange.com'),
(58, 'https://sharepoint.stackexchange.com'),
(58, 'https://ux.stackexchange.com'),
(58, 'https://mathematica.stackexchange.com'),
(58, 'https://salesforce.stackexchange.com'),
(58, 'https://expressionengine.stackexchange.com'),
(58, 'https://pt.stackoverflow.com'),
(58, 'https://blender.stackexchange.com'),
(58, 'https://networkengineering.stackexchange.com'),
(58, 'https://crypto.stackexchange.com'),
(58, 'https://codereview.stackexchange.com'),
(58, 'https://magento.stackexchange.com'),
(58, 'https://softwarerecs.stackexchange.com'),
(58, 'https://dsp.stackexchange.com'),
(58, 'https://emacs.stackexchange.com'),
(58, 'https://raspberrypi.stackexchange.com'),
(58, 'https://ru.stackoverflow.com'),
(58, 'https://codegolf.stackexchange.com'),
(58, 'https://es.stackoverflow.com'),
(58, 'https://ethereum.stackexchange.com'),
(58, 'https://datascience.stackexchange.com'),
(58, 'https://arduino.stackexchange.com'),
(58, 'https://bitcoin.stackexchange.com'),
(58, 'https://photo.stackexchange.com'),
(58, 'https://scifi.stackexchange.com'),
(58, 'https://graphicdesign.stackexchange.com'),
(58, 'https://movies.stackexchange.com'),
(58, 'https://music.stackexchange.com'),
(58, 'https://worldbuilding.stackexchange.com'),
(58, 'https://cooking.stackexchange.com'),
(58, 'https://diy.stackexchange.com'),
(58, 'https://money.stackexchange.com'),
(58, 'https://academia.stackexchange.com'),
(58, 'https://law.stackexchange.com'),
(58, 'https://english.stackexchange.com'),
(58, 'https://skeptics.stackexchange.com'),
(58, 'https://judaism.stackexchange.com'),
(58, 'https://travel.stackexchange.com'),
(58, 'https://christianity.stackexchange.com'),
(58, 'https://ell.stackexchange.com'),
(58, 'https://japanese.stackexchange.com'),
(58, 'https://gaming.stackexchange.com'),
(58, 'https://bicycles.stackexchange.com'),
(58, 'https://rpg.stackexchange.com'),
(58, 'https://anime.stackexchange.com'),
(58, 'https://puzzling.stackexchange.com'),
(58, 'https://mechanics.stackexchange.com'),
(58, 'https://mathoverflow.net'),
(58, 'https://math.stackexchange.com'),
(58, 'https://stats.stackexchange.com'),
(58, 'https://cstheory.stackexchange.com'),
(58, 'https://physics.stackexchange.com'),
(58, 'https://chemistry.stackexchange.com'),
(58, 'https://biology.stackexchange.com'),
(58, 'https://cs.stackexchange.com'),
(58, 'https://philosophy.stackexchange.com'),
(58, 'https://meta.stackexchange.com'),
(58, 'https://stackapps.com'),
(58, 'https://api.stackexchange.com'),
(58, 'https://data.stackexchange.com'),
(58, 'https://area51.stackexchange.com'),
(58, 'https://www.facebook.com/officialstackoverflow/'),
(58, 'https://twitter.com/stackoverflow'),
(58, 'https://linkedin.com/company/stack-overflow'),
(58, 'https://creativecommons.org/licenses/by-sa/3.0/'),
(58, 'https://stackoverflow.blog/2009/06/25/attribution-required/'),
(58, 'https://pixel.quantserve.com/pixel/p-c1rF4kxgLUzNc.gif'),
(58, 'https://www.google-analytics.com/analytics.js'),
(59, 'https://cdn.sstatic.net/Sites/stackoverflow/img/favicon.ico'),
(59, 'https://cdn.sstatic.net/Sites/stackoverflow/img/apple-touch-icon.png'),
(59, 'https://stackoverflow.com/'),
(59, 'https://cdn.sstatic.net/Sites/stackoverflow/img/apple-touch-icon'),
(59, 'https://ajax.googleapis.com/ajax/libs/jquery/1.12.4/jquery.min.js'),
(59, 'https://cdn.sstatic.net/Js/stub.en.js'),
(59, 'https://cdn.sstatic.net/Shared/stacks.css'),
(59, 'https://cdn.sstatic.net/Sites/stackoverflow/primary.css'),
(59, 'https://stackauth.com'),
(59, 'https://meta.stackoverflow.com'),
(59, 'https://stackoverflow.com'),
(59, 'https://stackoverflow.com/teams'),
(59, 'https://stackexchange.com/users/'),
(59, 'https://stackexchange.com'),
(59, 'https://stackoverflow.com/users/login'),
(59, 'https://stackoverflow.com/users/signup'),
(59, 'https://stackoverflow.com/help'),
(59, 'https://chat.stackoverflow.com'),
(59, 'https://stackexchange.com/sites'),
(59, 'https://stackoverflow.blog'),
(59, 'https://stackoverflow.com/company/about'),
(59, 'https://www.stackoverflowbusiness.com/'),
(59, 'https://accounts.google.com/o/oauth2/auth'),
(59, 'https://www.facebook.com/v2.0/dialog/oauth'),
(59, 'https://stackexchange.com/legal/privacy-policy'),
(59, 'https://stackexchange.com/legal/terms-of-service'),
(59, 'https://www.stackoverflowbusiness.com'),
(59, 'https://cdn.sstatic.net/clc/clc.min.js'),
(59, 'https://cdn.sstatic.net/clc/styles/clc.min.css'),
(59, 'https://clc.stackoverflow.com/markup.js'),
(59, 'https://www.googletagservices.com/tag/js/gpt.js'),
(59, 'https://stackexchange.com/questions'),
(59, 'https://scifi.stackexchange.com/questions/187570/low-budget-70s-look-about-aliens-wearing-tunics-and-old-vessels-sailing-the-de'),
(59, 'https://aviation.stackexchange.com/questions/51477/do-negative-angles-of-attack-create-lift'),
(59, 'https://worldbuilding.stackexchange.com/questions/111975/what-sort-of-rules-limitations-could-govern-and-affect-a-crystal-resource-that'),
(59, 'https://mathoverflow.net/questions/300022/existence-of-subset-of-reals-such-that-any-real-number-is-unique-sum-of-exactly'),
(59, 'https://interpersonal.stackexchange.com/questions/14272/how-can-i-tactfully-refuse-to-let-someone-cut-in-line'),
(59, 'https://ell.stackexchange.com/questions/166174/are-body-parts-like-thighs-hips-etc-considered-private-parts-too'),
(59, 'https://scifi.stackexchange.com/questions/187584/how-does-the-bifrost-still-work-after-the-destruction-of-asgard'),
(59, 'https://unix.stackexchange.com/questions/443146/what-is-the-purpose-of-in-the-command-sed-s-g'),
(59, 'https://mathematica.stackexchange.com/questions/173089/bug-in-pdf-with-empiricaldistribution'),
(59, 'https://math.stackexchange.com/questions/2778541/why-this-value-is-not-the-second-root-of-the-equation'),
(59, 'https://academia.stackexchange.com/questions/109578/what-can-i-do-about-undergraduate-students-cheating'),
(59, 'https://cs.stackexchange.com/questions/91773/why-is-the-turing-machine-a-popular-model-of-computation'),
(59, 'https://puzzling.stackexchange.com/questions/65694/explain-this-chained-inequality'),
(59, 'https://interpersonal.stackexchange.com/questions/14337/parents-less-than-desireable-response-to-my-good-news-how-to-let-them-know-i-d'),
(59, 'https://travel.stackexchange.com/questions/114689/where-and-why-are-there-metric-road-signs-in-arizona'),
(59, 'https://cooking.stackexchange.com/questions/89767/please-identify-this-nut-covered-cheese'),
(59, 'https://cseducators.stackexchange.com/questions/4717/is-it-better-to-lie-to-students-or-to-be-pedantic-when-teaching-intro-cs'),
(59, 'https://english.stackexchange.com/questions/444923/is-there-a-common-saying-in-english-that-means-its-just-business-i-dont-feel'),
(59, 'https://law.stackexchange.com/questions/28443/what-can-i-do-about-this-tree'),
(59, 'https://parenting.stackexchange.com/questions/33906/my-partners-pregnant-with-her-second-child-my-first-and-shows-no-emotions-ho'),
(59, 'https://tex.stackexchange.com/questions/431317/latex-beamer-warsaw-theme-custom-headline-horizontal-toc'),
(59, 'https://money.stackexchange.com/questions/95315/why-do-banks-give-small-apr-loans'),
(59, 'https://puzzling.stackexchange.com/questions/65589/i-cant-say-more-i-really-cant'),
(59, 'https://english.stackexchange.com/questions/445804/person-who-suffers-from-unrequited-love'),
(59, 'https://stackoverflow.com/jobs'),
(59, 'https://stackoverflow.com/jobs/directory/developer-jobs'),
(59, 'https://stackoverflow.com/jobs/salary'),
(59, 'https://www.stackoverflowbusiness.com/talent'),
(59, 'https://www.stackoverflowbusiness.com/advertise'),
(59, 'https://stackoverflow.com/enterprise'),
(59, 'https://stackoverflow.com/company/press'),
(59, 'https://stackoverflow.com/company/work-here'),
(59, 'https://stackexchange.com/legal'),
(59, 'https://stackoverflow.com/company/contact'),
(59, 'https://serverfault.com'),
(59, 'https://superuser.com'),
(59, 'https://webapps.stackexchange.com'),
(59, 'https://askubuntu.com'),
(59, 'https://webmasters.stackexchange.com'),
(59, 'https://gamedev.stackexchange.com'),
(59, 'https://tex.stackexchange.com'),
(59, 'https://softwareengineering.stackexchange.com'),
(59, 'https://unix.stackexchange.com'),
(59, 'https://apple.stackexchange.com'),
(59, 'https://wordpress.stackexchange.com'),
(59, 'https://gis.stackexchange.com'),
(59, 'https://electronics.stackexchange.com'),
(59, 'https://android.stackexchange.com'),
(59, 'https://security.stackexchange.com'),
(59, 'https://dba.stackexchange.com'),
(59, 'https://drupal.stackexchange.com'),
(59, 'https://sharepoint.stackexchange.com'),
(59, 'https://ux.stackexchange.com'),
(59, 'https://mathematica.stackexchange.com'),
(59, 'https://salesforce.stackexchange.com'),
(59, 'https://expressionengine.stackexchange.com'),
(59, 'https://pt.stackoverflow.com'),
(59, 'https://blender.stackexchange.com'),
(59, 'https://networkengineering.stackexchange.com'),
(59, 'https://crypto.stackexchange.com'),
(59, 'https://codereview.stackexchange.com'),
(59, 'https://magento.stackexchange.com'),
(59, 'https://softwarerecs.stackexchange.com'),
(59, 'https://dsp.stackexchange.com'),
(59, 'https://emacs.stackexchange.com'),
(59, 'https://raspberrypi.stackexchange.com'),
(59, 'https://ru.stackoverflow.com'),
(59, 'https://codegolf.stackexchange.com'),
(59, 'https://es.stackoverflow.com'),
(59, 'https://ethereum.stackexchange.com'),
(59, 'https://datascience.stackexchange.com'),
(59, 'https://arduino.stackexchange.com'),
(59, 'https://bitcoin.stackexchange.com'),
(59, 'https://photo.stackexchange.com'),
(59, 'https://scifi.stackexchange.com'),
(59, 'https://graphicdesign.stackexchange.com'),
(59, 'https://movies.stackexchange.com'),
(59, 'https://music.stackexchange.com'),
(59, 'https://worldbuilding.stackexchange.com'),
(59, 'https://cooking.stackexchange.com'),
(59, 'https://diy.stackexchange.com'),
(59, 'https://money.stackexchange.com'),
(59, 'https://academia.stackexchange.com'),
(59, 'https://law.stackexchange.com'),
(59, 'https://english.stackexchange.com'),
(59, 'https://skeptics.stackexchange.com'),
(59, 'https://judaism.stackexchange.com'),
(59, 'https://travel.stackexchange.com'),
(59, 'https://christianity.stackexchange.com'),
(59, 'https://ell.stackexchange.com'),
(59, 'https://japanese.stackexchange.com'),
(59, 'https://gaming.stackexchange.com'),
(59, 'https://bicycles.stackexchange.com'),
(59, 'https://rpg.stackexchange.com'),
(59, 'https://anime.stackexchange.com'),
(59, 'https://puzzling.stackexchange.com'),
(59, 'https://mechanics.stackexchange.com'),
(59, 'https://mathoverflow.net'),
(59, 'https://math.stackexchange.com'),
(59, 'https://stats.stackexchange.com'),
(59, 'https://cstheory.stackexchange.com'),
(59, 'https://physics.stackexchange.com'),
(59, 'https://chemistry.stackexchange.com'),
(59, 'https://biology.stackexchange.com'),
(59, 'https://cs.stackexchange.com'),
(59, 'https://philosophy.stackexchange.com'),
(59, 'https://meta.stackexchange.com'),
(59, 'https://stackapps.com'),
(59, 'https://api.stackexchange.com'),
(59, 'https://data.stackexchange.com'),
(59, 'https://area51.stackexchange.com'),
(59, 'https://www.facebook.com/officialstackoverflow/'),
(59, 'https://twitter.com/stackoverflow'),
(59, 'https://linkedin.com/company/stack-overflow'),
(59, 'https://creativecommons.org/licenses/by-sa/3.0/'),
(59, 'https://stackoverflow.blog/2009/06/25/attribution-required/'),
(59, 'https://pixel.quantserve.com/pixel/p-c1rF4kxgLUzNc.gif'),
(59, 'https://www.google-analytics.com/analytics.js'),
(60, 'http://www.w3.org/TR/xhtml1/DTD/xhtml1-transitional.dtd'),
(60, 'http://www.w3.org/1999/xhtml'),
(60, 'http://ogp.me/ns'),
(60, 'http://www.facebook.com/2008/fbml'),
(61, 'http://www.w3.org/1999/xhtml'),
(61, 'https://www.reddit.com/'),
(61, 'https://www.reddit.com/.rss'),
(61, 'https://stats.redditmedia.com'),
(61, 'https://www.reddit.com'),
(61, 'https://www.reddit.com/api/share'),
(61, 'https://www.reddit.com/post/login'),
(61, 'https://www.reddit.com/help/useragreement/'),
(61, 'https://www.reddit.com/help/privacypolicy/'),
(61, 'https://www.reddit.com/help/contentpolicy/'),
(61, 'https://www.reddit.com/post/reg'),
(61, 'https://www.reddit.com/subreddits/'),
(61, 'https://www.reddit.com/r/popular/'),
(61, 'https://www.reddit.com/r/all/'),
(61, 'https://www.reddit.com/r/random/'),
(61, 'https://www.reddit.com/users/'),
(61, 'https://www.reddit.com/r/AskReddit/'),
(61, 'https://www.reddit.com/r/worldnews/'),
(61, 'https://www.reddit.com/r/videos/'),
(61, 'https://www.reddit.com/r/funny/'),
(61, 'https://www.reddit.com/r/todayilearned/'),
(61, 'https://www.reddit.com/r/pics/'),
(61, 'https://www.reddit.com/r/gaming/'),
(61, 'https://www.reddit.com/r/movies/'),
(61, 'https://www.reddit.com/r/news/'),
(61, 'https://www.reddit.com/r/gifs/'),
(61, 'https://www.reddit.com/r/mildlyinteresting/'),
(61, 'https://www.reddit.com/r/aww/'),
(61, 'https://www.reddit.com/r/Showerthoughts/'),
(61, 'https://www.reddit.com/r/television/'),
(61, 'https://www.reddit.com/r/Jokes/'),
(61, 'https://www.reddit.com/r/science/'),
(61, 'https://www.reddit.com/r/OldSchoolCool/'),
(61, 'https://www.reddit.com/r/sports/'),
(61, 'https://www.reddit.com/r/IAmA/'),
(61, 'https://www.reddit.com/r/Documentaries/'),
(61, 'https://www.reddit.com/r/TwoXChromosomes/'),
(61, 'https://www.reddit.com/r/explainlikeimfive/'),
(61, 'https://www.reddit.com/r/personalfinance/'),
(61, 'https://www.reddit.com/r/books/'),
(61, 'https://www.reddit.com/r/tifu/'),
(61, 'https://www.reddit.com/r/Futurology/'),
(61, 'https://www.reddit.com/r/dataisbeautiful/'),
(61, 'https://www.reddit.com/r/WritingPrompts/'),
(61, 'https://www.reddit.com/r/nottheonion/'),
(61, 'https://www.reddit.com/r/food/'),
(61, 'https://www.reddit.com/r/Music/'),
(61, 'https://www.reddit.com/r/photoshopbattles/'),
(61, 'https://www.reddit.com/r/EarthPorn/'),
(61, 'https://www.reddit.com/r/philosophy/'),
(61, 'https://www.reddit.com/r/Art/'),
(61, 'https://www.reddit.com/r/nosleep/'),
(61, 'https://www.reddit.com/r/GetMotivated/'),
(61, 'https://www.reddit.com/r/askscience/'),
(61, 'https://www.reddit.com/r/LifeProTips/'),
(61, 'https://www.reddit.com/r/space/'),
(61, 'https://www.reddit.com/r/UpliftingNews/'),
(61, 'https://www.reddit.com/r/DIY/'),
(61, 'https://www.reddit.com/r/history/'),
(61, 'https://www.reddit.com/r/gadgets/'),
(61, 'https://www.reddit.com/r/creepy/'),
(61, 'https://www.reddit.com/r/listentothis/'),
(61, 'https://www.reddit.com/r/blog/'),
(61, 'https://www.reddit.com/r/announcements/'),
(61, 'https://www.reddit.com/r/InternetIsBeautiful/'),
(61, 'https://www.reddit.com/new/'),
(61, 'https://www.reddit.com/rising/'),
(61, 'https://www.reddit.com/controversial/'),
(61, 'https://www.reddit.com/top/'),
(61, 'https://www.reddit.com/gilded/'),
(61, 'https://www.reddit.com/wiki/'),
(61, 'https://www.reddit.com/login'),
(61, 'https://www.reddit.com/search'),
(61, 'https://www.reddit.com/wiki/search'),
(61, 'https://www.reddit.com/submit'),
(61, 'https://en.wikipedia.org/wiki/Pacific_Time_Zone'),
(61, 'https://www.reddit.com/prefs/update/geopopular'),
(61, 'https://i.imgur.com/e8Ak4q0.jpg'),
(61, 'https://out.reddit.com/t3_8j6em0'),
(61, 'https://www.reddit.com/user/sizeable_interest'),
(61, 'https://www.reddit.com/r/evilbuildings/'),
(61, 'https://www.reddit.com/r/evilbuildings/comments/8j6em0/looks_like_a_scene_from_some_dystopian_movie/'),
(61, 'https://i.redditmedia.com/90Eq80nD4ms0YX7E_xT8bWV28WBhIZ-rnccH4MiQLjA.jpg'),
(61, 'https://i.redd.it/hq6vz3recnx01.jpg'),
(61, 'https://www.reddit.com/user/Scorpionoxide'),
(61, 'https://www.reddit.com/r/hmmm/'),
(61, 'https://www.reddit.com/r/hmmm/comments/8j4shl/hmmm/'),
(61, 'https://i.redditmedia.com/Ql07-XwWQ5tUdKcGrplmF5O3zrHVo5HhI9N8jrIYHo8.jpg'),
(61, 'https://www.reddit.com/user/DignifiedFartSmeller'),
(61, 'https://www.reddit.com/r/bostonceltics/'),
(61, 'https://www.reddit.com/r/bostonceltics/comments/8j550j/lets_show_some_extra_love_to_marcus_smart_on/'),
(61, 'https://i.redd.it/i9hhtufadnx01.jpg'),
(61, 'https://www.reddit.com/user/PrairieWinds'),
(61, 'https://www.reddit.com/r/standupshots/'),
(61, 'https://www.reddit.com/r/standupshots/comments/8j4ts6/murica/'),
(61, 'https://i.redditmedia.com/ouCBMo83gAcNYS-WZlC-PGCiKPJZ3Ud6BZWGGDMLkhE.jpg'),
(61, 'https://i.redd.it/bc2ex4jzpnx01.jpg'),
(61, 'https://www.reddit.com/user/Dioritegravel'),
(61, 'https://www.reddit.com/r/meirl/'),
(61, 'https://www.reddit.com/r/meirl/comments/8j5ce4/meirl/'),
(61, 'https://i.redditmedia.com/Gxim6HgSDbEMrN4ZcavDBFysLw_1loyl8vLjIKlWkCo.jpg'),
(61, 'https://i.imgur.com/URg7uA5.gifv'),
(61, 'https://out.reddit.com/t3_8j527w'),
(61, 'https://www.reddit.com/user/Sheepski'),
(61, 'https://www.reddit.com/r/aww/comments/8j527w/oops_in_slow_mo/'),
(61, 'https://g.redditmedia.com/eJr08cBM_OJu94MBbIj72qAAtARN70fv6l4cNswtjdw.gif'),
(61, 'https://i.redd.it/z8901h7gzmx01.jpg'),
(61, 'https://www.reddit.com/user/chillaxitout'),
(61, 'https://www.reddit.com/r/mildlyinteresting/comments/8j4adj/this_restaurant_has_mothers_day_cards_in_the/'),
(61, 'https://i.redditmedia.com/EH5mCfjVyUcbYioESk-rMnoQtq8rSeBPH67_jsPqwkc.jpg'),
(61, 'https://upload.wikimedia.org/wikipedia/commons/c/c3/ISS-46_Zinnia_flower_in_front_of_the_Earth.jpg'),
(61, 'https://out.reddit.com/t3_8j49iq'),
(61, 'https://www.reddit.com/user/Aeromarine_eng'),
(61, 'https://www.reddit.com/r/space/comments/8j49iq/earth_behind_a_flower_grown_on_the_international/'),
(61, 'https://i.redditmedia.com/qh4yzHiiXV1mkYpr1469LxgM46tOA_N_ZXZUM9WR5aM.jpg'),
(61, 'https://i.redd.it/p7ru7ojdqnx01.jpg'),
(61, 'https://www.reddit.com/user/Yamamba78'),
(61, 'https://www.reddit.com/r/aww/comments/8j5czm/gumbo_with_shrimp/'),
(61, 'https://i.redditmedia.com/0ibKWPbZjy4IAKJl0_v1Owd7UKpoyLeKoP4DB0MD0qg.jpg'),
(61, 'https://i.redd.it/z4hoh0zxfnx01.png'),
(61, 'https://www.reddit.com/user/-SpaceCommunist-'),
(61, 'https://www.reddit.com/r/PrequelMemes/'),
(61, 'https://www.reddit.com/r/PrequelMemes/comments/8j4y78/ill_try_bargaining_thats_a_good_trick/'),
(61, 'https://i.redditmedia.com/v_vO7YXno-LTwDUo8XRM_C5hF7Tgqepl8Ftnhwuhpxs.png'),
(61, 'https://i.imgur.com/ntQudyl.gifv'),
(61, 'https://out.reddit.com/t3_8j4pn8'),
(61, 'https://www.reddit.com/user/Supertrooper203'),
(61, 'https://www.reddit.com/r/Eyebleach/'),
(61, 'https://www.reddit.com/r/Eyebleach/comments/8j4pn8/when_youre_shy_but_you_also_have_a_crush_on/'),
(61, 'https://g.redditmedia.com/GClEjlHmcVC-qF33ykz2elvDwyC9Vg10V7VqGUHow48.gif'),
(61, 'https://i.redd.it/335mct0ocnx01.png'),
(61, 'https://www.reddit.com/user/Jester651'),
(61, 'https://www.reddit.com/r/marvelstudios/'),
(61, 'https://www.reddit.com/r/marvelstudios/comments/8j4t0p/infinity_stonesgauntlet_breakdown_theory/'),
(61, 'https://i.redditmedia.com/26QT9Q9V6TzcqAl08mlTBD6xA_uHwVDeqJSup-TBufs.png'),
(61, 'https://i.imgur.com/mZpKoYu.gifv'),
(61, 'https://out.reddit.com/t3_8j5lbo'),
(61, 'https://www.reddit.com/user/natsdorf'),
(61, 'https://www.reddit.com/r/gifs/comments/8j5lbo/dad_finds_out_hes_going_to_be_a_grandpa/'),
(61, 'https://g.redditmedia.com/qeMmXVgrRGEOVYEG_szd2-3kwJoVTH2_i9bnJBIwsMs.gif'),
(61, 'https://deadspin.com/dan-snyder-killed-some-trees-and-a-park-ranger-paid-th-1494113337'),
(61, 'https://out.reddit.com/t3_8j4ppo'),
(61, 'https://www.reddit.com/user/-destinationunknown-'),
(61, 'https://www.reddit.com/r/todayilearned/comments/8j4ppo/til_washington_redskins_owner_dan_snyder_once_cut/'),
(61, 'https://i.redd.it/q6r5rl1ztmx01.jpg'),
(61, 'https://www.reddit.com/user/DocyodaX'),
(61, 'https://www.reddit.com/r/DunderMifflin/'),
(61, 'https://www.reddit.com/r/DunderMifflin/comments/8j43bb/happy_mothers_day/'),
(61, 'https://i.redditmedia.com/FM9Zb5SGScrMMPJZgrjjOtEcLypoGkWo-yzR4y3y7qI.jpg'),
(61, 'https://i.redd.it/pkya4jbudnx01.jpg'),
(61, 'https://www.reddit.com/user/Kipache'),
(61, 'https://www.reddit.com/r/therewasanattempt/'),
(61, 'https://www.reddit.com/r/therewasanattempt/comments/8j4uk2/to_steal_glory/'),
(61, 'https://i.redditmedia.com/Ys4_RqRUkvabLvFDD3ghZDQay5Mgs6H1vtZwMxDgslg.jpg'),
(61, 'https://www.reddit.com/user/Radulno'),
(61, 'https://www.reddit.com/r/television/comments/8j5sik/with_all_the_cancelations_going_on_i_feel_like/'),
(61, 'https://v.redd.it/vdexyqycdnx01'),
(61, 'https://www.reddit.com/user/KIRAvenousLion'),
(61, 'https://www.reddit.com/r/funny/comments/8j4tvj/birds_of_hell_performing_satanic_ritual_to_end_us/'),
(61, 'https://v.redd.it/vdexyqycdnx01/HLSPlaylist.m3u8'),
(61, 'https://v.redd.it/vdexyqycdnx01/DASHPlaylist.mpd'),
(61, 'https://v.redd.it/vdexyqycdnx01/DASH_600_K'),
(61, 'https://i.imgur.com/H69Tm0d.jpg'),
(61, 'https://out.reddit.com/t3_8j4kkk'),
(61, 'https://www.reddit.com/user/EarleneThroneberry'),
(61, 'https://www.reddit.com/r/JusticeServed/'),
(61, 'https://www.reddit.com/r/JusticeServed/comments/8j4kkk/she_has_a_point/'),
(61, 'https://i.redditmedia.com/19Dubh6canI41epBkOLlqPo0sHPmHFPmCru585c3OoE.jpg'),
(61, 'http://gfycat.com/BiodegradableGiddyBlackwidowspider'),
(61, 'https://out.reddit.com/t3_8j4y2h'),
(61, 'https://www.reddit.com/user/IrateIndian42'),
(61, 'https://www.reddit.com/r/aww/comments/8j4y2h/my_life_would_be_complete_if_a_dog_did_this_to_me/'),
(61, 'https://www.reddit.com/user/IreneElkins'),
(61, 'https://www.reddit.com/r/Jokes/comments/8j557g/a_mom_visits_her_son_for_dinner_who_lives_with_a/'),
(61, 'https://i.imgur.com/7agOJkk.gifv'),
(61, 'https://out.reddit.com/t3_8j4bol'),
(61, 'https://www.reddit.com/user/jacksmachiningreveng'),
(61, 'https://www.reddit.com/r/nevertellmetheodds/'),
(61, 'https://www.reddit.com/r/nevertellmetheodds/comments/8j4bol/spent_cartridge_lands_inside_pistol_compensator/'),
(61, 'https://g.redditmedia.com/tzAlxMYmYy4FNFeX4KcqNA9bBDSNDkp9XHVGtNKRmZ4.gif'),
(61, 'https://i.redd.it/kycwhatjdmx01.jpg'),
(61, 'https://www.reddit.com/user/CF_Gamebreaker'),
(61, 'https://www.reddit.com/r/interestingasfuck/'),
(61, 'https://www.reddit.com/r/interestingasfuck/comments/8j3jxp/tree_in_my_hometown_yes_its_real/'),
(61, 'https://i.redditmedia.com/gsHJsSdaUqXWdToAl3FGvk_M8rXZaJ_dlmN3VSqjKa8.jpg'),
(61, 'https://twitter.com/michaelavenatti/status/995692536122564609'),
(61, 'https://out.reddit.com/t3_8j4zmx'),
(61, 'https://www.reddit.com/user/chvrches_obsession'),
(61, 'https://www.reddit.com/r/The_Mueller/'),
(61, 'https://www.reddit.com/r/The_Mueller/comments/8j4zmx/michael_avenatti_on_twitter_warning_ignored_so/'),
(61, 'https://i.redd.it/2ogjw4i81ox01.jpg'),
(61, 'https://www.reddit.com/user/indissippiana'),
(61, 'https://www.reddit.com/r/cringepics/'),
(61, 'https://www.reddit.com/r/cringepics/comments/8j5ss6/that_time_in_2014_that_i_meant_to_text_my_sister/'),
(61, 'https://i.redditmedia.com/fnWtMw49gmfQRcwo-Py7CATozlxXF_KClV5-SEPx1sA.jpg'),
(61, 'https://redditblog.com'),
(61, 'https://www.redditinc.com'),
(61, 'https://www.redditinc.com/advertising'),
(61, 'https://www.redditinc.com/careers'),
(61, 'https://www.reddit.com/rules/'),
(61, 'https://www.reddithelp.com'),
(61, 'https://www.reddit.com/wiki/reddiquette/'),
(61, 'https://www.reddit.com/help/healthycommunities/'),
(61, 'https://www.reddit.com/contact/'),
(61, 'https://itunes.apple.com/us/app/reddit-the-official-app/id1064216828'),
(61, 'https://play.google.com/store/apps/details'),
(61, 'https://www.reddit.com/buttons/'),
(61, 'https://www.reddit.com/gold/about/'),
(61, 'http://redditgifts.com'),
(61, 'https://www.reddit.com/help/useragreement'),
(61, 'https://www.reddit.com/help/privacypolicy'),
(61, 'https://www.reddit.com/post/unlogged_options'),
(61, 'https://www.reddit.com/r/i18n/wiki/getting_started'),
(62, 'http://meyerweb.com/eric/tools/css/reset/'),
(62, 'https://www.redditstatic.com/desktop2x/fonts/redesignIcon/redesignFont.811352ff706587d5eff0a34e2e0a3b85.eot'),
(62, 'https://www.redditstatic.com/desktop2x/fonts/redesignIcon/redesignFont.811352ff706587d5eff0a34e2e0a3b85.woff'),
(62, 'https://www.redditstatic.com/desktop2x/fonts/redesignIcon/redesignFont.811352ff706587d5eff0a34e2e0a3b85.ttf'),
(62, 'https://www.redditstatic.com/desktop2x/fonts/redesignIcon/redesignFont.811352ff706587d5eff0a34e2e0a3b85.svg'),
(62, 'https://www.redditstatic.com/desktop2x/fonts/BentonSans/Light-6dccf00b06936bd0fb2913d5e7279816.woff2'),
(62, 'https://www.redditstatic.com/desktop2x/fonts/BentonSans/Light-56973edfcf61447fc1ffeb7a6eb6b178.woff'),
(62, 'https://www.redditstatic.com/desktop2x/fonts/BentonSans/Light-Italic-36b388f18999631c032ceeade2312d41.woff2'),
(62, 'https://www.redditstatic.com/desktop2x/fonts/BentonSans/Light-Italic-112953068bc678d61f4553a1184561f0.woff'),
(62, 'https://www.redditstatic.com/desktop2x/fonts/BentonSans/Regular-10f4d2158069741ac4ddbc45710381a1.woff2'),
(62, 'https://www.redditstatic.com/desktop2x/fonts/BentonSans/Regular-e6bbcdd30d3bd4d6b170bcb6d3552cab.woff'),
(62, 'https://www.redditstatic.com/desktop2x/fonts/BentonSans/Italic-a79b88d69296747b773f0e224cc42ea1.woff2'),
(62, 'https://www.redditstatic.com/desktop2x/fonts/BentonSans/Italic-5267af566ab853eb9d74db1a78a46c67.woff'),
(62, 'https://www.redditstatic.com/desktop2x/fonts/BentonSans/Medium-d7c31b2e9ada52f5ad11194858e44a93.woff2'),
(62, 'https://www.redditstatic.com/desktop2x/fonts/BentonSans/Medium-1051a531d3e1ee3483a6533158557139.woff'),
(62, 'https://www.redditstatic.com/desktop2x/fonts/BentonSans/Medium-Italic-9abd3f23e60e4f632817ebdff606b8ec.woff2'),
(62, 'https://www.redditstatic.com/desktop2x/fonts/BentonSans/Medium-Italic-a25d440012460eb8883e539f93040fa7.woff'),
(62, 'https://www.redditstatic.com/desktop2x/fonts/BentonSans/Bold-91e4c20cbb21e802d984a5ca6ac174a0.woff2'),
(62, 'https://www.redditstatic.com/desktop2x/fonts/BentonSans/Bold-c34ba754b7235b49d33b294ff7a54179.woff'),
(62, 'https://www.redditstatic.com/desktop2x/fonts/BentonSans/Bold-Italic-fc6d8a3f6499b32d9a6be03168b8066f.woff2'),
(62, 'https://www.redditstatic.com/desktop2x/fonts/BentonSans/Bold-Italic-255b4934a1f414dd312aa89382d65114.woff'),
(62, 'https://www.redditstatic.com/desktop2x/fonts/IBMPlexSans/Regular-116bb6d508f5307861d3b1269bc597e7.woff2'),
(62, 'https://www.redditstatic.com/desktop2x/fonts/IBMPlexSans/Regular-e6bbcdd30d3bd4d6b170bcb6d3552cab.woff'),
(62, 'https://www.redditstatic.com/desktop2x/fonts/IBMPlexSans/Medium-c4b185e25a4dde85a29f902cd5ce5360.woff2'),
(62, 'https://www.redditstatic.com/desktop2x/fonts/IBMPlexSans/Medium-1051a531d3e1ee3483a6533158557139.woff'),
(62, 'https://www.redditstatic.com/desktop2x/fonts/IBMPlexSans/Bold-875de5047556e7c822519d95d7ee692d.woff2'),
(62, 'https://www.redditstatic.com/desktop2x/fonts/IBMPlexSans/Bold-c34ba754b7235b49d33b294ff7a54179.woff'),
(62, 'https://www.redditstatic.com/desktop2x/fonts/NotoMono/Regular-b16bb0524a7e7ee597970333c0c67180.woff2'),
(62, 'https://www.redditstatic.com/desktop2x/fonts/NotoMono/Regular-e6bbcdd30d3bd4d6b170bcb6d3552cab.woff'),
(62, 'https://www.redditstatic.com/desktop2x/fonts/NotoMono/el-Regular-29d72243d2cd6145b28bcb80dc33f0e4.woff2'),
(62, 'https://www.redditstatic.com/desktop2x/fonts/NotoMono/el-Regular-06ee3f893717454d11a16c3e8d0aa9f9.woff'),
(62, 'https://www.redditstatic.com/desktop2x/fonts/NotoSans/Regular-abc24b0f77dd16d0b4ea7cbe4a1082b0.woff2'),
(62, 'https://www.redditstatic.com/desktop2x/fonts/NotoSans/Regular-e6bbcdd30d3bd4d6b170bcb6d3552cab.woff'),
(62, 'https://www.redditstatic.com/desktop2x/fonts/NotoSans/Italic-d03e693bde02509aeae71d9c7e9fa8e8.woff2'),
(62, 'https://www.redditstatic.com/desktop2x/fonts/NotoSans/Italic-5267af566ab853eb9d74db1a78a46c67.woff'),
(62, 'https://www.redditstatic.com/desktop2x/fonts/NotoSans/Bold-87fdfdebee12871ec0b2c04217f6f603.woff2'),
(62, 'https://www.redditstatic.com/desktop2x/fonts/NotoSans/Bold-c34ba754b7235b49d33b294ff7a54179.woff'),
(62, 'https://www.redditstatic.com/desktop2x/fonts/NotoSans/Bold-Italic-cbd8ec59f202bbb3ea43f713a9b941e3.woff2'),
(62, 'https://www.redditstatic.com/desktop2x/fonts/NotoSans/Bold-Italic-255b4934a1f414dd312aa89382d65114.woff'),
(62, 'https://www.reddit.com'),
(62, 'https://www.reddit.com/'),
(62, 'https://www.redditstatic.com/icon.png'),
(62, 'https://www.redditstatic.com/desktop2x/img/favicon/apple-icon-57x57.png'),
(62, 'https://www.redditstatic.com/desktop2x/img/favicon/apple-icon-60x60.png'),
(62, 'https://www.redditstatic.com/desktop2x/img/favicon/apple-icon-72x72.png'),
(62, 'https://www.redditstatic.com/desktop2x/img/favicon/apple-icon-76x76.png'),
(62, 'https://www.redditstatic.com/desktop2x/img/favicon/apple-icon-114x114.png'),
(62, 'https://www.redditstatic.com/desktop2x/img/favicon/apple-icon-120x120.png'),
(62, 'https://www.redditstatic.com/desktop2x/img/favicon/apple-icon-144x144.png'),
(62, 'https://www.redditstatic.com/desktop2x/img/favicon/apple-icon-152x152.png'),
(62, 'https://www.redditstatic.com/desktop2x/img/favicon/apple-icon-180x180.png'),
(62, 'https://www.redditstatic.com/desktop2x/img/favicon/android-icon-192x192.png'),
(62, 'https://www.redditstatic.com/desktop2x/img/favicon/favicon-32x32.png'),
(62, 'https://www.redditstatic.com/desktop2x/img/favicon/favicon-96x96.png'),
(62, 'https://www.redditstatic.com/desktop2x/img/favicon/favicon-16x16.png'),
(62, 'https://www.redditstatic.com/desktop2x/img/favicon/manifest.json'),
(62, 'https://www.redditstatic.com/desktop2x/img/favicon/ms-icon-144x144.png'),
(62, 'https://www.redditstatic.com/desktop2x/img/id-cards/banner'),
(62, 'https://www.redditstatic.com/desktop2x/img/id-cards/snoo-popular'),
(62, 'https://www.redditstatic.com/desktop2x/runtime.ff4c3c16c695b33da427.js'),
(62, 'https://www.redditstatic.com/desktop2x/vendors'),
(62, 'https://www.redditstatic.com/desktop2x/Profile'),
(62, 'https://www.redditstatic.com/desktop2x/Chat'),
(62, 'https://www.redditstatic.com/desktop2x/ProductionClient'),
(62, 'https://www.redditstatic.com/desktop2x/Reddit.0c10666d41613a4a5b9e.js'),
(62, 'http://www.w3.org/2000/svg'),
(62, 'https://www.reddit.com/login'),
(62, 'https://www.reddit.com/register'),
(62, 'https://old.reddit.com'),
(62, 'https://a.thumbs.redditmedia.com/jL1GN0TNyKX7X3YnDBNqhNMaLtgdC873FQIbhhyEFb8.png'),
(62, 'https://www.reddit.com/r/evilbuildings/comments/8j6em0/looks_like_a_scene_from_some_dystopian_movie/'),
(62, 'https://i.imgur.com/e8Ak4q0.jpg'),
(62, 'https://i.redditmedia.com/90Eq80nD4ms0YX7E_xT8bWV28WBhIZ-rnccH4MiQLjA.jpg'),
(62, 'https://b.thumbs.redditmedia.com/B7IpR8P1mEsQIjdizK5x79s5aGfJUtKk3u2ksGZ9n2Q.png'),
(62, 'https://www.reddit.com/r/todayilearned/comments/8j4ppo/til_washington_redskins_owner_dan_snyder_once_cut/'),
(62, 'https://deadspin.com/dan-snyder-killed-some-trees-and-a-park-ranger-paid-th-1494113337'),
(62, 'https://b.thumbs.redditmedia.com/Glpgz74fDeVn_B1_mopXjqMi0v1vfujOozeX3B2iwiw.jpg'),
(62, 'https://styles.redditmedia.com/t5_2qh1o/styles/communityIcon_vzx333xor7101.png'),
(62, 'https://www.reddit.com/r/aww/comments/8j4y2h/my_life_would_be_complete_if_a_dog_did_this_to_me/'),
(62, 'http://gfycat.com/BiodegradableGiddyBlackwidowspider'),
(62, 'https://www.redditmedia.com/mediaembed/8j4y2h'),
(62, 'https://styles.redditmedia.com/t5_2qq6z/styles/communityIcon_ybmhghdu9nj01.png'),
(62, 'https://www.reddit.com/r/hmmm/comments/8j4shl/hmmm/'),
(62, 'https://i.redditmedia.com/Ql07-XwWQ5tUdKcGrplmF5O3zrHVo5HhI9N8jrIYHo8.jpg'),
(62, 'https://www.reddit.com/comments/8gsllo/its_our_exclusive_xbox_sale_save_up_to_75_on_xbox/'),
(62, 'https://alb.reddit.com/c'),
(62, 'https://i.redditmedia.com/RTh0EPq9Q234H_HDVqsUOUJVZjE04SG0dkqY0bDvvfs.jpg'),
(62, 'https://b.thumbs.redditmedia.com/QMIQ5gvIbScACusodipJ1IXr8ntnfn1V17RZ57L4CdU.png'),
(62, 'https://www.reddit.com/r/television/comments/8j5sik/with_all_the_cancelations_going_on_i_feel_like/'),
(62, 'https://b.thumbs.redditmedia.com/4ADRnu2cwKIkpQt0N-g36-iq6EfTNFVV1RComMcEZiU.png'),
(62, 'https://www.reddit.com/r/meirl/comments/8j5ce4/meirl/'),
(62, 'https://i.redditmedia.com/Gxim6HgSDbEMrN4ZcavDBFysLw_1loyl8vLjIKlWkCo.jpg'),
(62, 'https://www.reddit.com/r/Eyebleach/comments/8j4pn8/when_youre_shy_but_you_also_have_a_crush_on/'),
(62, 'https://i.imgur.com/ntQudyl.gifv'),
(62, 'https://g.redditmedia.com/GClEjlHmcVC-qF33ykz2elvDwyC9Vg10V7VqGUHow48.gif'),
(62, 'https://b.thumbs.redditmedia.com/Zf90LsQEOyfU9RKf5NgXRATeMlFHULaD-B6UlicR5Sc.png'),
(62, 'https://www.reddit.com/r/space/comments/8j49iq/earth_behind_a_flower_grown_on_the_international/'),
(62, 'https://upload.wikimedia.org/wikipedia/commons/c/c3/ISS-46_Zinnia_flower_in_front_of_the_Earth.jpg'),
(62, 'https://i.redditmedia.com/qh4yzHiiXV1mkYpr1469LxgM46tOA_N_ZXZUM9WR5aM.jpg'),
(62, 'https://b.thumbs.redditmedia.com/J1w35S7OdwL_xkILDER6mwpQguKOkZK7cOZLFhBFQlA.png'),
(62, 'https://www.reddit.com/r/standupshots/comments/8j4ts6/murica/'),
(62, 'https://i.redditmedia.com/ouCBMo83gAcNYS-WZlC-PGCiKPJZ3Ud6BZWGGDMLkhE.jpg'),
(62, 'https://b.thumbs.redditmedia.com/0PgZl68jAxA6T1BH6uvUQ5Bz1F1GrrJLCL8oi2Gz0Ak.png'),
(62, 'https://www.reddit.com/r/gaming/comments/8j4k80/mom_is_68_and_has_been_playing_fallout_4_for_3/'),
(62, 'https://i.redditmedia.com/YYiBv-VFXoYiGzcNpjhaWPpDw1U4OgaUZXonfESi7qo.jpg'),
(62, 'https://b.thumbs.redditmedia.com/lTgz7Yx_6n8VZemjf54viYVZgFhW2GlB6dlpj1ZwKbo.png'),
(62, 'https://www.reddit.com/r/mildlyinteresting/comments/8j4adj/this_restaurant_has_mothers_day_cards_in_the/'),
(62, 'https://i.redditmedia.com/EH5mCfjVyUcbYioESk-rMnoQtq8rSeBPH67_jsPqwkc.jpg'),
(62, 'https://www.reddit.com/r/GifRecipes/comments/8j5ps2/yakisoba_japanese_stir_fried_noodles/'),
(62, 'https://i.imgur.com/haeJk08.gifv'),
(62, 'https://g.redditmedia.com/fRpmQNhctqrEV7LSqQrTQhChicPNJxAc2eUiT3eDg-k.gif'),
(62, 'https://a.thumbs.redditmedia.com/kIpBoUR8zJLMQlF8azhN-kSBsjVUidHjvZNLuHDONm8.png'),
(62, 'https://www.reddit.com/r/funny/comments/8j5twk/hello_little_shit/'),
(62, 'http://i.imgur.com/0A0gEYd.gifv'),
(62, 'https://g.redditmedia.com/Xm6pE9xC_cTpaDyPSsAT5a5tRepfnUdAmc3FjDcJqm4.gif'),
(62, 'https://www.reddit.com/r/nevertellmetheodds/comments/8j4bol/spent_cartridge_lands_inside_pistol_compensator/'),
(62, 'https://i.imgur.com/7agOJkk.gifv'),
(62, 'https://g.redditmedia.com/tzAlxMYmYy4FNFeX4KcqNA9bBDSNDkp9XHVGtNKRmZ4.gif'),
(62, 'https://www.reddit.com/r/therewasanattempt/comments/8j4uk2/to_steal_glory/'),
(62, 'https://i.redditmedia.com/Ys4_RqRUkvabLvFDD3ghZDQay5Mgs6H1vtZwMxDgslg.jpg'),
(62, 'https://b.thumbs.redditmedia.com/qW9n9g7cCwH1Ga9rQ46UL6UOjSjsl4RAvwhXg5pucAI.png'),
(62, 'https://www.reddit.com/r/PrequelMemes/comments/8j4y78/ill_try_bargaining_thats_a_good_trick/'),
(62, 'https://i.redditmedia.com/v_vO7YXno-LTwDUo8XRM_C5hF7Tgqepl8Ftnhwuhpxs.png'),
(62, 'https://b.thumbs.redditmedia.com/FYJbhGbso3_cPY5qS3s6WqkwqXrTL65ty2RRzx8TmcU.png'),
(62, 'https://www.reddit.com/r/DunderMifflin/comments/8j43bb/happy_mothers_day/'),
(62, 'https://i.redditmedia.com/FM9Zb5SGScrMMPJZgrjjOtEcLypoGkWo-yzR4y3y7qI.jpg'),
(62, 'https://www.reddit.com/r/gifs/comments/8j5lbo/dad_finds_out_hes_going_to_be_a_grandpa/'),
(62, 'https://i.imgur.com/mZpKoYu.gifv'),
(62, 'https://g.redditmedia.com/qeMmXVgrRGEOVYEG_szd2-3kwJoVTH2_i9bnJBIwsMs.gif'),
(62, 'https://www.reddit.com/r/JusticeServed/comments/8j4kkk/she_has_a_point/'),
(62, 'https://i.imgur.com/H69Tm0d.jpg'),
(62, 'https://i.redditmedia.com/19Dubh6canI41epBkOLlqPo0sHPmHFPmCru585c3OoE.jpg'),
(62, 'https://www.reddit.com/comments/8dafg1/preorder_dark_souls_for_nintendo_switch_and_save/'),
(62, 'https://i.redditmedia.com/mq6M4pbNsX-XcLm21bVBR874roVR6pVUBdAYgAgftyM.jpg'),
(62, 'https://a.thumbs.redditmedia.com/49nvIM0IOaFIcmFei4H91SaBaFQtqxtsdaXRK2hPmn4.png'),
(62, 'https://www.reddit.com/r/marvelstudios/comments/8j4t0p/infinity_stonesgauntlet_breakdown_theory/'),
(62, 'https://i.redditmedia.com/26QT9Q9V6TzcqAl08mlTBD6xA_uHwVDeqJSup-TBufs.png'),
(62, 'https://b.thumbs.redditmedia.com/kYZCkffvs7uJHLRfXXYwxggon-91MsCHkdFXlaMq3Us.png'),
(62, 'https://www.reddit.com/r/AnimalsBeingBros/comments/8j5g3r/dogs_panic_rescue_owner_thats_definitely_going_to/'),
(62, 'https://i.imgur.com/wdWHuw2.gifv'),
(62, 'https://www.reddit.com/r/gifs/comments/8j509i/dogs_panic_rescue_owner_thats_definitely_going_to/'),
(62, 'https://g.redditmedia.com/6ITtQB3qXWzIK4htXbgmoYmUrg0QN32SkIPgg1HtEuU.gif'),
(62, 'https://b.thumbs.redditmedia.com/VZX_KQLnI1DPhlEZ07bIcLzwR1Win808RIt7zm49VIQ.png'),
(62, 'https://www.reddit.com/r/pics/comments/8j4biv/im_65_and_just_graduated_college_reddit_you_are/'),
(62, 'https://i.redditmedia.com/GdRJrgZWRgNBC5w6QopwQopHE_zJEFOdDbYUQWFmHM4.jpg'),
(62, 'https://www.reddit.com/r/nononono/comments/8j3q2p/walking_on_water_slide/'),
(62, 'https://gfycat.com/bestfreshdogwoodtwigborer'),
(62, 'https://b.thumbs.redditmedia.com/5CjwrCLiYs0_bivakTc5BmgQWT-J6-x0aaJSB99IPEc.png'),
(62, 'https://www.reddit.com/r/greentext/comments/8j42x6/anon_is_world_weary/'),
(62, 'https://i.redditmedia.com/ff9agVgbP2zIbmMOG18HBky0iXVYz60wFEyw1QlafOg.png'),
(62, 'https://b.thumbs.redditmedia.com/fy5ONa0GmECoSz_z4v28hBx2wJndO5ZM6NnLVhaHPRs.png'),
(62, 'https://www.reddit.com/r/AnimalsBeingDerps/comments/8j3rlg/how_to_win_any_game/'),
(62, 'https://b.thumbs.redditmedia.com/6dmZ3PwX2vittvzvCu9i45uWqNqI18IVk_kVf2A3MKs.png'),
(62, 'https://about.reddit.com'),
(62, 'https://about.reddit.com/careers/'),
(62, 'https://about.reddit.com/press/'),
(62, 'https://about.reddit.com/advertise/'),
(62, 'http://www.redditblog.com/'),
(62, 'https://www.reddithelp.com'),
(62, 'https://www.reddit.com/mobile/download'),
(62, 'https://www.reddit.com/gold/about'),
(62, 'http://redditgifts.com/'),
(62, 'https://www.reddit.com/help/contentpolicy'),
(62, 'https://www.reddit.com/help/privacypolicy'),
(62, 'https://www.reddit.com/help/useragreement'),
(62, 'https://www.reddit.com/help/healthycommunities/'),
(62, 'https://www.redditstatic.com/desktop2x/js/ads.js'),
(62, 'http://martmists.tk/undertaleaus'),
(62, 'https://emoji.redditmedia.com/46kel8lf1guz_t5_3nqvj/cake'),
(62, 'https://twitter.com/w1ndyy'),
(62, 'https://www.twitch.tv/coolkipp'),
(62, 'https://twitter.com/PsycloneJoker'),
(62, 'https://www.reddit.com/r/squaredcircleflair/wiki/flair'),
(62, 'https://webchat.snoonet.org/Redditsquaredcircle'),
(62, 'https://instagram.com/shotwhorephotography/'),
(62, 'http://www.twitch.tv/suicidaljoker7'),
(62, 'https://emoji.redditmedia.com/cajlcuegkiw01_t5_2t1bl/mod'),
(62, 'https://pastebin.com/K2kz8gJh'),
(62, 'http://www.wlsearch.com/u/Clynn209'),
(62, 'http://www.wlsearch.com/u/NotMara'),
(62, 'http://www.wlsearch.com/u/Miss-Omnibus'),
(62, 'http://www.wlsearch.com/u/IAmADudette'),
(62, 'http://www.wlsearch.com/u/Apple_Aiden'),
(62, 'http://www.wlsearch.com/u/laurendouglasss'),
(62, 'http://www.wlsearch.com/u/book-bunny'),
(62, 'http://www.wlsearch.com/u/knittagedon'),
(62, 'http://www.wlsearch.com/u/thesilenceofthetrees'),
(62, 'http://www.wlsearch.com/u/swirly023'),
(62, 'http://www.wlsearch.com/u/santamurtagh'),
(62, 'http://www.wlsearch.com/u/giobane'),
(62, 'http://www.wlsearch.com/u/ConstableOnPatrol'),
(62, 'http://www.wlsearch.com/u/Aloof_pooch'),
(62, 'http://www.wlsearch.com/u/mamallama'),
(62, 'http://www.wlsearch.com/u/DejaBlonde'),
(62, 'http://www.wlsearch.com/u/bunnysoup'),
(62, 'http://www.wlsearch.com/u/Carrieisonfire'),
(62, 'http://www.wlsearch.com/u/adeadhead'),
(62, 'https://emoji.redditmedia.com/0jj3nko46cs01_t5_315h3/Flair39'),
(62, 'https://osu.ppy.sh/u/1458932'),
(62, 'https://nanopoker.club'),
(62, 'http://myanimelist.net/animelist/seanymac23'),
(62, 'https://myanimelist.net/profile/Newtype-Potato'),
(62, 'https://myanimelist.net/animelist/Nickerouge'),
(62, 'https://myanimelist.net/profile/Shimmering-Sky'),
(62, 'https://myanimelist.net/profile/bluebear_tora'),
(62, 'http://myanimelist.net/profile/FateSteelTaylor'),
(62, 'https://myanimelist.net/profile/ThatguyJimmy117'),
(62, 'http://myanimelist.net/profile/MetaThPr4h'),
(62, 'https://streamable.com/z2l31'),
(62, 'http://www.howmanypremierleaguemedalshasstevengerrardwon.com/'),
(62, 'https://vndb.org/u107285/list'),
(62, 'https://vndb.org/u105436'),
(62, 'http://vndb.org/u76320'),
(62, 'https://myanimelist.net/mangalist/TotoroTheGreat'),
(62, 'https://myanimelist.net/mangalist/luv_3'),
(62, 'https://myanimelist.net/profile/zoulzopan'),
(62, 'https://myanimelist.net/mangalist/Ks_rai'),
(62, 'http://www.mangaupdates.com/members.html'),
(62, 'https://azure-xanh.tumblr.com/'),
(62, 'https://i.redditmedia.com/fRpmQNhctqrEV7LSqQrTQhChicPNJxAc2eUiT3eDg-k.gif'),
(62, 'https://v.redd.it/fmchdzb8znx01/DASHPlaylist.mpd'),
(62, 'https://v.redd.it/fmchdzb8znx01/HLSPlaylist.m3u8'),
(62, 'https://v.redd.it/fmchdzb8znx01/DASH_600_K'),
(62, 'https://out.reddit.com/t3_8j5ps2'),
(62, 'https://b.thumbs.redditmedia.com/A5jbSL78Du0RnRTQuheDjEIMbT0GI4zKNsK8IoSWttM.jpg'),
(62, 'https://a.thumbs.redditmedia.com/8tuub0TcwPI0Uh2A_KFdo4fX76sefmXWtJ3mCI83_A4.jpg'),
(62, 'https://out.reddit.com/t3_8j4kkk'),
(62, 'https://b.thumbs.redditmedia.com/62MmkDo8Rf5E4KKGWgOvRMa8ueGEtlBdTbRwaBeGHuc.jpg'),
(62, 'https://b.thumbs.redditmedia.com/4hdf9Bgja6f9qpnSkgFYIawUsyEEa7WePx4Rfhy1mWA.jpg'),
(62, 'https://i.redditmedia.com/qeMmXVgrRGEOVYEG_szd2-3kwJoVTH2_i9bnJBIwsMs.gif'),
(62, 'https://v.redd.it/hb8xxv8bwnx01/DASHPlaylist.mpd'),
(62, 'https://v.redd.it/hb8xxv8bwnx01/HLSPlaylist.m3u8'),
(62, 'https://v.redd.it/hb8xxv8bwnx01/DASH_600_K'),
(62, 'https://out.reddit.com/t3_8j5lbo'),
(62, 'https://b.thumbs.redditmedia.com/_q7HbuEct7km1MSiYA4bo_0uFi3aOdkRds36uitZHBw.jpg'),
(62, 'https://i.redditmedia.com/tzAlxMYmYy4FNFeX4KcqNA9bBDSNDkp9XHVGtNKRmZ4.gif'),
(62, 'https://v.redd.it/khkmbcdi0nx01/DASHPlaylist.mpd'),
(62, 'https://v.redd.it/khkmbcdi0nx01/HLSPlaylist.m3u8'),
(62, 'https://v.redd.it/khkmbcdi0nx01/DASH_600_K'),
(62, 'https://out.reddit.com/t3_8j4bol'),
(62, 'https://a.thumbs.redditmedia.com/XSaRgyoNWuD4BDPmkpwgle6TxCsMGh_0MT3iki4lxp4.jpg'),
(62, 'https://b.thumbs.redditmedia.com/u2k0KDSGYiIoVcXb5yAA4bvz0Km90BWOSvbMrEyjVBw.jpg'),
(62, 'https://b.thumbs.redditmedia.com/CAiB0lvcC0_1c9mAwQl6-OFjZ43Jk1Bat7RTzDUMzag.jpg'),
(62, 'https://www.redditmedia.com/mediaembed/8j3q2p'),
(62, 'https://v.redd.it/xz0mm17mgmx01/DASHPlaylist.mpd'),
(62, 'https://v.redd.it/xz0mm17mgmx01/HLSPlaylist.m3u8'),
(62, 'https://v.redd.it/xz0mm17mgmx01/DASH_600_K'),
(62, 'https://i.redditmedia.com/oZa70qhSPXkZspXaD3LLQBFzbfNmgZPLF2wb2KomYrw.gif'),
(62, 'https://out.reddit.com/t3_8j3q2p'),
(62, 'https://a.thumbs.redditmedia.com/shquwJU0OyGjjWDR5yNi5Vy2-l2HH50O706g8AMI2o0.jpg'),
(62, 'https://v.redd.it/aj2g9ysakmx01/HLSPlaylist.m3u8'),
(62, 'https://i.redditmedia.com/MKHutZ74s5xnWh0t5zx5cjNkgU78meq77c4JwI4Nl0c.png'),
(62, 'https://v.redd.it/aj2g9ysakmx01/DASHPlaylist.mpd'),
(62, 'https://v.redd.it/aj2g9ysakmx01/DASH_600_K'),
(62, 'https://b.thumbs.redditmedia.com/vtlr7W7IE-dCD6tvFCNGkxifD999cXM9EW1AEVqdKOk.jpg'),
(62, 'https://out.reddit.com/t3_8j49iq'),
(62, 'https://b.thumbs.redditmedia.com/x3VBUZOiB_DMHOFwAvXQfuYO3SweFsdKulEPH07KDVs.jpg'),
(62, 'https://a.thumbs.redditmedia.com/dWSHuvGEiopofFNq2H_Le3Dgi5fou4PNmwFjHwwrmp8.jpg'),
(62, 'https://www.amazon.com/b/'),
(62, 'https://b.thumbs.redditmedia.com/XJy5jNfCdsD_kpGgIXyYxMePxlonEu68F69nEsoS3LU.jpg'),
(62, 'https://v.redd.it/cvmq2cn8gnx01/DASHPlaylist.mpd'),
(62, 'https://v.redd.it/cvmq2cn8gnx01/HLSPlaylist.m3u8'),
(62, 'https://v.redd.it/cvmq2cn8gnx01/DASH_600_K'),
(62, 'https://i.redditmedia.com/qPVh7Qzsd6fn1zGPJ5STNYLivyF9hkbYoqPnEQnXh0A.gif'),
(62, 'https://out.reddit.com/t3_8j4y2h'),
(62, 'https://b.thumbs.redditmedia.com/-PWZq7yDO4TJh5rxELBpZzV3d4ipmhxxyi1wVIE0waQ.jpg'),
(62, 'https://a.thumbs.redditmedia.com/XAbpX3HjOvK3XYJdDAn3Uf6uJ1UwD31rE--pKGB5sE8.jpg'),
(62, 'https://alb.reddit.com/i.gif'),
(62, 'https://i.redditmedia.com/Xm6pE9xC_cTpaDyPSsAT5a5tRepfnUdAmc3FjDcJqm4.gif'),
(62, 'https://v.redd.it/53b4y8612ox01/DASHPlaylist.mpd'),
(62, 'https://v.redd.it/53b4y8612ox01/HLSPlaylist.m3u8'),
(62, 'https://v.redd.it/53b4y8612ox01/DASH_600_K'),
(62, 'https://out.reddit.com/t3_8j5twk'),
(62, 'https://b.thumbs.redditmedia.com/Ua5O8zF1x66ipqV8yjEl_6uGfXZPQwE5IYJnE8su46w.jpg'),
(62, 'https://www.amazon.com/dp/B078YM9ZL5'),
(62, 'https://b.thumbs.redditmedia.com/HE3kzjceJT3HK9blxQC98rOLNEvXx9jNtc-rUEL7khw.jpg'),
(62, 'https://i.redditmedia.com/GClEjlHmcVC-qF33ykz2elvDwyC9Vg10V7VqGUHow48.gif'),
(62, 'https://v.redd.it/b2q4u2jganx01/DASHPlaylist.mpd'),
(62, 'https://v.redd.it/b2q4u2jganx01/HLSPlaylist.m3u8');
INSERT INTO `sitelinks` (`site_id`, `link`) VALUES
(62, 'https://v.redd.it/b2q4u2jganx01/DASH_600_K'),
(62, 'https://out.reddit.com/t3_8j4pn8'),
(62, 'https://b.thumbs.redditmedia.com/RBYOEwnvpfeNmMORnUYo184A_x2BKhEMk7vWFvvCyYg.jpg'),
(62, 'https://out.reddit.com/t3_8j6em0'),
(62, 'https://b.thumbs.redditmedia.com/W6XzYeNet4S8sDAuQQ_y5pzJRFUdBJ0WeSmG2eFAr5E.jpg'),
(62, 'https://b.thumbs.redditmedia.com/H6RDdFuCCfumUQSK8vbEGzZkTTSKt2bCGD7P0SnsXAU.jpg'),
(62, 'https://a.thumbs.redditmedia.com/H8l6hLPYp7mGktZTv_6_33Sae4sV0cLnUG7uXXLAyR4.jpg'),
(62, 'https://out.reddit.com/t3_8j5g3r'),
(62, 'https://b.thumbs.redditmedia.com/4XT1Nvk2pz4oa93uNL8Yts5Hx61R6VfU-fKGd8pd52A.jpg'),
(62, 'https://out.reddit.com/t3_8j4ppo'),
(62, 'https://i.redditmedia.com/6ITtQB3qXWzIK4htXbgmoYmUrg0QN32SkIPgg1HtEuU.gif'),
(62, 'https://v.redd.it/gt5qa7gthnx01/DASHPlaylist.mpd'),
(62, 'https://v.redd.it/gt5qa7gthnx01/HLSPlaylist.m3u8'),
(62, 'https://v.redd.it/gt5qa7gthnx01/DASH_600_K'),
(62, 'https://out.reddit.com/t3_8j509i'),
(62, 'https://i.redditmedia.com/T8wAuFIa05nBYd-e4Pya7EVWytRzt2KSvPjMtDh2n5s.jpg'),
(62, 'https://www.amazon.com/gp/goldbox/'),
(62, 'https://www.reddit.com/comments/8iiudc/new_deals_and_big_savings_everyday_on_your/'),
(62, 'https://www.reddit.com/comments/4fpfk4/test_ad/'),
(62, 'http://reddit.com'),
(62, 'https://a.thumbs.redditmedia.com/RrxqM6ci0ZAFdKv1XfLI-OjG_g7NAbeOebA-w1XzFA4.png'),
(62, 'https://www.redditstatic.com/desktop2x/Reddit.31a03f261122e71fe596.css'),
(62, 'https://b.thumbs.redditmedia.com/aKWBgkEo7FnZ1d598QhzMrSZ-J1mVCk2H4kxOiikL8A.png'),
(62, 'https://b.thumbs.redditmedia.com/lF7D7bQDCvhDu793KTJPgB_jjLJvIEYf0Cz_h-zX4go.png'),
(62, 'https://www.redditstatic.com/desktop2x/CommentsPage.201475b144fee9a63a05.js'),
(62, 'https://www.redditstatic.com/desktop2x/Subreddit.64be30716fa5b78a4268.js'),
(62, 'https://www.redditstatic.com/desktop2x/CommentsPage'),
(62, 'https://www.redditstatic.com/desktop2x/Frontpage'),
(62, 'https://www.redditstatic.com/desktop2x/Frontpage.e64cc9feb2b54c9b9c55.js'),
(63, 'https://www.animalplanet.com/'),
(63, 'https://twitter.com/AnimalPlanet'),
(63, 'https://fusion.ddmcdn.com'),
(63, 'https://api.discovery.com'),
(63, 'https://players.brightcove.net'),
(63, 'https://res.cloudinary.com'),
(63, 'https://www.animalplanet.com/favicon.ico'),
(63, 'https://fusion.ddmcdn.com/app/eos-usnets/2742/fonts/apl.css'),
(63, 'https://fusion.ddmcdn.com/app/eos-usnets/2742/sites/apl/client.9fd1f96e71abb4526da1cb0ceafabdcd.css'),
(63, 'https://fusion.ddmcdn.com/app/eos-usnets/2742/sites/apl/displayTypes/HeroCarousel-index-jsx.fb5dfba64c8cb983bea36238b7242986.css'),
(63, 'https://fusion.ddmcdn.com/app/eos-usnets/2742/sites/apl/displayTypes/ShowCarousel-index-jsx.1510b94574229faaf28df4479c0714af.css'),
(63, 'https://fusion.ddmcdn.com/app/eos-usnets/2742/sites/apl/displayTypes/ThumbnailCarousel-index-jsx.e9b99a76e24647c6d5a89d8407f60a13.css'),
(63, 'https://fusion.ddmcdn.com/app/eos-usnets/2742/sites/apl/displayTypes/FeaturedItem-index-jsx.efe79187c517f7d147e8741058be9c32.css'),
(63, 'https://fusion.ddmcdn.com/app/eos-usnets/2742/sites/apl/displayTypes/WatchLiveAndPreview-index-jsx.ca290edcff614955757d7b15bc0664be.css'),
(63, 'https://fusion.ddmcdn.com/app/eos-usnets/2742/vendors/brightcove/103207-B1MHTnZmOz-5.28.1-2.9.0-index.min.js'),
(63, 'https://fusion.ddmcdn.com/app/eos-usnets/2742/vendors/conviva-core-sdk.min.js'),
(63, 'https://www.googletagmanager.com/gtm.js'),
(63, 'https://fusion.ddmcdn.com/app/eos-usnets/2742/sites/apl/'),
(63, 'https://api.discovery.com/v1/images/585029716b66d1db63477c95'),
(63, 'https://api.discovery.com/v1/images/5a9ed8726b66d103ef3b2fa3'),
(63, 'https://api.discovery.com/v1/images/5ae35cfc6b66d16f0e094c59'),
(63, 'https://api.discovery.com/v1/images/5ab029dc6b66d1341a6d4596'),
(63, 'https://api.discovery.com/v1/images/5ab152f06b66d1341a6d45fd'),
(63, 'https://api.discovery.com/v1/images/5733b4906b66d12228d2471b'),
(63, 'https://api.discovery.com/v1/images/5ac7e5a26b66d12f0011da7a'),
(63, 'https://api.discovery.com/v1/images/5ae09a6e6b66d16f0e094aa9'),
(63, 'https://api.discovery.com/v1/images/5a6636fc6b66d103ef3b1e2c'),
(63, 'https://api.discovery.com/v1/images/5adfb84f6b66d16f0e094a9d'),
(63, 'https://api.discovery.com/v1/images/5adf67bb6b66d16f0e094a69'),
(63, 'https://api.discovery.com/v1/images/5a54ff636b66d103ef3b1b41'),
(63, 'https://api.discovery.com/v1/images/59d40ce86b66d15ceb603dea'),
(63, 'https://api.discovery.com/v1/images/5adfb8506b66d16f0e094a9e'),
(63, 'https://api.discovery.com/v1/images/58decb8f6b66d19a37e4f5aa'),
(63, 'https://api.discovery.com/v1/images/5ad8fed46b66d15cb91ea721'),
(63, 'https://api.discovery.com/v1/images/5ac283bb6b66d1341a6d4a50'),
(63, 'https://api.discovery.com/v1/images/5ad3aa296b66d130312669dd'),
(63, 'https://api.discovery.com/v1/images/5ac283b96b66d1337a63d493'),
(63, 'https://api.discovery.com/v1/images/5ad0deaf6b66d13031266997'),
(63, 'https://api.discovery.com/v1/images/5acbc7e76b66d12f0011daef'),
(63, 'https://api.discovery.com/v1/images/5aca8b556b66d12f0011dab3'),
(63, 'https://api.discovery.com/v1/images/5ac688896b66d130312666c6'),
(63, 'https://api.discovery.com/v1/images/5ab679c06b66d1337a63d1ea'),
(63, 'https://api.discovery.com/v1/images/5aac07ea6b66d1341a6d447c'),
(63, 'https://api.discovery.com/v1/images/5a70c5fe6b66d103ef3b2047'),
(63, 'https://api.discovery.com/v1/images/58a24cf76b66d13009d3a5d9'),
(63, 'https://api.discovery.com/v1/images/58a24ca26b66d13009d3a594'),
(63, 'https://api.discovery.com/v1/images/58a252a46b66d13009d3a87e'),
(63, 'https://api.discovery.com/v1/images/5579d7366b66d10a53cd2f42'),
(63, 'https://api.discovery.com/v1/images/5806773e6b66d16e0774d74e'),
(63, 'https://api.discovery.com/v1/images/58a24e296b66d13009d3a683'),
(63, 'https://api.discovery.com/v1/images/59fcc55b6b66d14ccb00eb45'),
(63, 'https://api.discovery.com/v1/images/5a143ca16b66d173d33530c9'),
(63, 'https://api.discovery.com/v1/images/58dad1316b66d19a478d7506'),
(63, 'https://api.discovery.com/v1/images/5a0de3396b66d173d3352e3c'),
(63, 'https://api.discovery.com/v1/images/5a27079c6b66d17a5026dfca'),
(63, 'https://api.discovery.com/v1/images/58a286546b66d13009d3c7d3'),
(63, 'https://api.discovery.com/v1/images/58a245406b66d13009d3a1df'),
(63, 'https://api.discovery.com/v1/images/5af5cea96b66d153ea57bdef'),
(63, 'https://api.discovery.com/v1/images/5aef78ee6b66d16f0e095036'),
(63, 'https://api.discovery.com/v1/images/5ae9db786b66d16f0e094e02'),
(63, 'https://api.discovery.com/v1/images/5ae241cc6b66d16f0e094bf8'),
(63, 'https://api.discovery.com/v1/images/5aec94736b66d16f0e094f67'),
(63, 'https://api.discovery.com/v1/images/5aec923b6b66d16f0e094f63'),
(63, 'https://api.discovery.com/v1/images/5aec900d6b66d16f0e094f61'),
(63, 'https://api.discovery.com/v1/images/5aec8cae6b66d16f0e094f5b'),
(63, 'https://api.discovery.com/v1/images/5aed16446b66d16f0e094fb2'),
(63, 'https://api.discovery.com/v1/images/5ae341806b66d16f0e094c44'),
(63, 'https://api.discovery.com/v1/images/5ac283b66b66d1341a6d4a4d'),
(63, 'https://api.discovery.com/v1/images/5ae2244d6b66d16f0e094bb5'),
(63, 'https://api.discovery.com/v1/images/5ae23dc76b66d16f0e094bf3'),
(63, 'http://www.discovery.com'),
(63, 'https://api.discovery.com/v1/images/585029706b66d1db63477c90'),
(63, 'http://www.tlc.com'),
(63, 'https://api.discovery.com/v1/images/558c1c396b66d1023309e791'),
(63, 'http://investigationdiscovery.com'),
(63, 'https://api.discovery.com/v1/images/58c7108d6b66d1f2020d4ead'),
(63, 'http://www.sciencechannel.com'),
(63, 'https://api.discovery.com/v1/images/58769e716b66d1b140f40352'),
(63, 'http://www.velocity.com'),
(63, 'https://api.discovery.com/v1/images/585029716b66d1db63477c96'),
(63, 'http://destinationamerica.com'),
(63, 'https://api.discovery.com/v1/images/591315bf6b66d1822824ef61'),
(63, 'http://www.ahctv.com'),
(63, 'https://api.discovery.com/v1/images/585029706b66d1db63477c8e'),
(63, 'http://www.discoverylife.com'),
(63, 'https://api.discovery.com/v1/images/585029706b66d1db63477c8f'),
(63, 'https://corporate.discovery.com/privacy-policy/'),
(63, 'https://itunes.apple.com/us/app/id1101434093'),
(63, 'https://api.discovery.com/v1/images/58631f086b66d1b140f35d09'),
(63, 'https://play.google.com/store/apps/details'),
(63, 'https://api.discovery.com/v1/images/58631f056b66d1b140f35d08'),
(63, 'http://www.apple.com/tv/'),
(63, 'https://api.discovery.com/v1/images/581110196b66d1dc7f20f255'),
(63, 'https://channelstore.roku.com/details/90764/'),
(63, 'https://api.discovery.com/v1/images/58110d1d6b66d1dc7f20f250'),
(63, 'https://www.amazon.com/gp/product/B06XJB3V8T'),
(63, 'https://api.discovery.com/v1/images/58631f046b66d1b140f35d07'),
(63, 'https://www.microsoft.com/store/apps/9nbcjx3zvwvn'),
(63, 'https://api.discovery.com/v1/images/59cbc63f6b66d114683acfc4'),
(63, 'https://www.samsung.com/us/appstore/app/G18089011117'),
(63, 'https://api.discovery.com/v1/images/5ada58e56b66d16f0e09435f'),
(63, 'http://www.investigationdiscovery.com'),
(63, 'http://www.destinationamerica.com'),
(63, 'http://corporate.discovery.com/'),
(63, 'http://corporate.discovery.com/contact/viewer-relations/'),
(63, 'http://corporate.discovery.com/contact/advertising/'),
(63, 'http://careers.discovery.com/'),
(63, 'https://corporate.discovery.com/visitor-agreement/'),
(63, 'https://corporate.discovery.com/online-closed-captioning/'),
(63, 'https://www.animalplanet.com/tv-shows/animal-cribs'),
(63, 'https://www.animalplanet.com/tv-shows/cats-101/'),
(63, 'https://www.animalplanet.com/tv-shows/dr-jeff-rocky-mountain-vet/'),
(63, 'https://www.animalplanet.com/tv-shows/dogs-101/'),
(63, 'https://www.animalplanet.com/tv-shows/lone-star-law/'),
(63, 'https://www.animalplanet.com/tv-shows/north-woods-law/'),
(63, 'https://www.animalplanet.com/tv-shows/pitbulls-and-parolees/'),
(63, 'https://www.animalplanet.com/tv-shows/puppy-bowl/'),
(63, 'https://www.animalplanet.com/tv-shows/river-monsters/'),
(63, 'https://www.animalplanet.com/tv-shows/tanked/'),
(63, 'https://www.animalplanet.com/tv-shows/treehouse-masters/'),
(63, 'https://www.animalplanet.com/tv-shows/the-vet-life/'),
(63, 'https://www.animalplanet.com/tv-shows/the-zoo/'),
(63, 'https://www.animalplanet.com/schedule'),
(63, 'https://www.animalplanet.com/pets/'),
(63, 'http://www.animalplanet.com/wild-animals/tigerpedia/'),
(63, 'https://api.discovery.com/v1/images/5928536f6b66d1fc1e293076'),
(63, 'https://api.discovery.com/v1/content/programlistings'),
(63, 'https://api.discovery.com/v1/images/558040656b66d10a53cd3589'),
(63, 'https://www.animalplanet.com/animal-planet/'),
(63, 'https://api.discovery.com/v1/images/58b4480e6b66d13009d3d0da'),
(63, 'https://api.discovery.com/v1/images/592d91116b66d1fc1e29323f'),
(63, 'https://api.discovery.com/v1/images/5af3670c6b66d153ea57bd11'),
(63, 'https://api.discovery.com/v1/content/networks/556ca9ea6b66d14028066f34'),
(63, 'https://api.discovery.com/v1/content/shows'),
(63, 'https://api.discovery.com/v1/content/editorial/collections/page'),
(63, 'https://tv.xfinity.com'),
(63, 'https://api.discovery.com/v1/configurations/apl-desktop-settings'),
(63, 'https://cws.conviva.com'),
(63, 'https://fusion.ddmcdn.com/app/eos-usnets/2742'),
(63, 'https://login.discovery.com'),
(63, 'https://www.animalplanet.com'),
(63, 'https://mssl.fwmrm.net/p/discovery_go_live/AdManager.js'),
(63, 'https://165a7.v.fwmrm.net'),
(63, 'https://mssl.fwmrm.net/p/discovery_go_live/AdManager.swf'),
(63, 'https://players.brightcove.net/videojs-freewheel/2/videojs.freewheel.swf'),
(63, 'https://login.discovery.com/v1/oauth2/authorize'),
(63, 'https://api.discovery.com/v1/search/'),
(63, 'https://api.discovery.com/v2/content/affiliates'),
(63, 'https://api.discovery.com/v1/content/videos'),
(63, 'https://api.discovery.com/v1/configurations/common-messages'),
(63, 'https://login.discovery.com/v1/oauth2/authorize/errors'),
(63, 'https://api.discovery.com/v1/content/layouts'),
(63, 'https://login.discovery.com/v1/oauth2/token'),
(63, 'https://api.discovery.com/v1/content/networks'),
(63, 'https://api.discovery.com/v1/configurations/apl-'),
(63, 'https://api.discovery.com/v1/events'),
(63, 'https://api.discovery.com/v1/watchlist/users/'),
(63, 'https://api.discovery.com/v1/profile/users/'),
(63, 'https://login.discovery.com/v1/oauth2/activate'),
(63, 'https://api.discovery.com/v1/images/5aef33ef6b66d16f0e094ffe'),
(63, 'https://www.tlc.com/this-is-life-live-where-are-they-now/the-groom-who-walked-part-1/'),
(63, 'https://twitter.com/tlc'),
(63, 'https://www.facebook.com/TLC/'),
(63, 'https://api.discovery.com/v1/content/editorial/collections/moreepisodes'),
(63, 'https://api.discovery.com/v1/streaming/video/5af5e2806b66d153ea57be00'),
(63, 'https://api.discovery.com/v1/content/videos/5af5e2806b66d153ea57be00'),
(63, 'https://api.discovery.com/v1/images/5aaae12f6b66d1341a6d4450'),
(63, 'https://www.tlc.com'),
(63, 'https://api.discovery.com/v1/streaming/video/5ab122cb6b66d1337a63d026'),
(63, 'https://api.discovery.com/v1/content/videos/5ab122cb6b66d1337a63d026'),
(63, 'https://api.discovery.com/v1/images/5627f8476b66d11b5672e382'),
(63, 'https://www.animalplanet.com/watch/animal-planet/'),
(63, 'https://api.discovery.com/v1/content/livestreams/55c51d806b66d1c57a5d08dc'),
(63, 'https://www.animalplanet.com/full-episodes'),
(63, 'https://www.animalplanet.com/tv-shows/'),
(63, 'https://www.animalplanet.com/watch/animal-planet'),
(63, 'https://www.animalplanet.com/my-videos'),
(63, 'https://discoverystore.com/'),
(63, 'https://www.facebook.com/AnimalPlanet'),
(63, 'https://api.discovery.com/v1/images/57f291d56b66d10b455545d8'),
(63, 'https://api.discovery.com/v1/images/57f291d56b66d10b455545d7'),
(63, 'https://api.discovery.com/v1/content/collections/58b9b7d66b66d13009d3d50a'),
(63, 'https://twitter.com/animalplanet'),
(63, 'https://www.facebook.com/AnimalPlanet/'),
(63, 'https://www.animalplanet.com/the-zoo/'),
(63, 'https://api.discovery.com/v1/images/5a9edae06b66d103ef3b2fa4'),
(63, 'https://api.discovery.com/v1/content/shows/58a996d26b66d13009d3cd33'),
(63, 'https://api.discovery.com/v1/content/shows/58a996d26b66d13009d3cd33/page'),
(63, 'https://api.discovery.com/v1/content/editorial/collections/moreshows'),
(63, 'https://api.discovery.com/v1/content/seasons'),
(63, 'https://api.discovery.com/v1/content/categories'),
(63, 'https://api.discovery.com/v1/content/bios'),
(63, 'https://api.discovery.com/v1/content/showtotals'),
(63, 'https://www.animalplanet.com/the-zoo/a-gorilla-with-heart/'),
(63, 'https://api.discovery.com/v1/content/videos/5aeb8a156b66d16f0e094f3b'),
(63, 'https://www.facebook.com/TankedUS'),
(63, 'https://www.animalplanet.com/tanked/'),
(63, 'https://api.discovery.com/v1/images/56aa4eb66b66d17c332babd4'),
(63, 'https://api.discovery.com/v1/images/568aeff66b66d1a67e424d2f'),
(63, 'https://api.discovery.com/v1/content/shows/556f45e86b66d1227a5a4aa1'),
(63, 'https://api.discovery.com/v1/content/shows/556f45e86b66d1227a5a4aa1/page'),
(63, 'https://www.animalplanet.com/jeremy-wades-mighty-rivers/'),
(63, 'https://api.discovery.com/v1/images/5ab152fc6b66d1341a6d45fe'),
(63, 'https://api.discovery.com/v1/content/shows/5ab41abb6b66d1341a6d4728'),
(63, 'https://api.discovery.com/v1/content/shows/5ab41abb6b66d1341a6d4728/page'),
(63, 'https://www.animalplanet.com/monster-week/'),
(63, 'https://api.discovery.com/v1/images/5ade4c686b66d16f0e0949c1'),
(63, 'https://api.discovery.com/v1/content/shows/5734e8e66b66d12228d2472e'),
(63, 'https://api.discovery.com/v1/content/shows/5734e8e66b66d12228d2472e/page'),
(63, 'https://www.animalplanet.com/robson-green-extreme-fisherman/'),
(63, 'https://api.discovery.com/v1/images/5ac7e4396b66d1303126673f'),
(63, 'https://api.discovery.com/v1/content/shows/5ac795386b66d130312666ea'),
(63, 'https://api.discovery.com/v1/content/shows/5ac795386b66d130312666ea/page'),
(63, 'https://www.facebook.com/TheZooAPL/'),
(63, 'https://www.animalplanet.com/the-zoo-from-the-inside/'),
(63, 'https://api.discovery.com/v1/images/5aa171186b66d1337a63cc9d'),
(63, 'https://api.discovery.com/v1/content/shows/5aaa9f576b66d1337a63cecc'),
(63, 'https://api.discovery.com/v1/content/shows/5aaa9f576b66d1337a63cecc/page'),
(63, 'https://www.facebook.com/NorthWoodsLawAP'),
(63, 'https://www.animalplanet.com/north-woods-law/'),
(63, 'https://api.discovery.com/v1/images/59c430ec6b66d1704a6c2a43'),
(63, 'https://api.discovery.com/v1/content/shows/556f39896b66d1227a5a4a8f'),
(63, 'https://api.discovery.com/v1/content/shows/556f39896b66d1227a5a4a8f/page'),
(63, 'https://www.animalplanet.com/tanked-jr/'),
(63, 'https://api.discovery.com/v1/images/5ab5740e6b66d1337a63d1e4'),
(63, 'https://api.discovery.com/v1/content/shows/5ac52d976b66d12f0011d9a2'),
(63, 'https://api.discovery.com/v1/content/shows/5ac52d976b66d12f0011d9a2/page'),
(63, 'https://www.animalplanet.com/the-irwin-family/'),
(63, 'https://api.discovery.com/v1/images/5ae0cff46b66d16f0e094ac8'),
(63, 'https://api.discovery.com/v1/content/shows/5ae2094f6b66d16f0e094b80'),
(63, 'https://api.discovery.com/v1/content/shows/5ae2094f6b66d16f0e094b80/page'),
(63, 'https://www.facebook.com/PitBullsandParolees'),
(63, 'https://www.animalplanet.com/pitbulls-and-parolees/'),
(63, 'https://api.discovery.com/v1/images/5988bfe06b66d11b6a2dd2ef'),
(63, 'https://api.discovery.com/v1/content/shows/556f478d6b66d1227a5a4aa4'),
(63, 'https://api.discovery.com/v1/content/shows/556f478d6b66d1227a5a4aa4/page'),
(63, 'http://www.animalplanet.com/tv-shows/dr-jeff-rocky-mountain-vet/hector-talks-the-importance-of-donations/'),
(63, 'http://www.animalplanet.com/tv-shows/dr-jeff-rocky-mountain-vet/bios/meet-hector-martinez/'),
(63, 'https://www.animalplanet.com/dr-jeff-rocky-mountain-vet/'),
(63, 'https://api.discovery.com/v1/images/58d2a23e6b66d19a478d6241'),
(63, 'https://api.discovery.com/v1/images/582367cc6b66d17701eac456'),
(63, 'https://api.discovery.com/v1/content/shows/559ecd7d6b66d10c61f9ab08'),
(63, 'https://api.discovery.com/v1/content/shows/559ecd7d6b66d10c61f9ab08/page'),
(63, 'https://www.facebook.com/RiverMonsters/'),
(63, 'https://www.animalplanet.com/jeremy-wades-river-monsters-revisited/'),
(63, 'https://api.discovery.com/v1/images/5ad793546b66d15cb91ea6b3'),
(63, 'https://api.discovery.com/v1/content/shows/5ad7bc006b66d15cb91ea6ca'),
(63, 'https://api.discovery.com/v1/content/shows/5ad7bc006b66d15cb91ea6ca/page'),
(63, 'https://www.facebook.com/RiverMonsters'),
(63, 'https://www.animalplanet.com/river-monsters/'),
(63, 'https://api.discovery.com/v1/images/58ded7246b66d19a37e4f5bf'),
(63, 'https://api.discovery.com/v1/images/58deeac06b66d19a37e4f5c8'),
(63, 'https://api.discovery.com/v1/content/shows/556f56df6b66d1227a5a4ab8'),
(63, 'https://api.discovery.com/v1/content/shows/556f56df6b66d1227a5a4ab8/page'),
(63, 'https://api.discovery.com/shows'),
(63, 'https://www.animalplanet.com/robson-green-extreme-fisherman/solomon-islands-thumb-splitter/'),
(63, 'https://api.discovery.com/v1/streaming/video/5ada110d6b66d16f0e094287'),
(63, 'https://api.discovery.com/v1/content/videos/5ada110d6b66d16f0e094287'),
(63, 'https://www.animalplanet.com/jeremy-wades-mighty-rivers/the-mississippi/'),
(63, 'https://api.discovery.com/v1/streaming/video/5ada43d86b66d16f0e09431d'),
(63, 'https://api.discovery.com/v1/content/videos/5ada43d86b66d16f0e09431d'),
(63, 'https://www.animalplanet.com/robson-green-extreme-fisherman/typhoon-reef-of-okinawa/'),
(63, 'https://api.discovery.com/v1/streaming/video/5ad3aa436b66d130312669de'),
(63, 'https://api.discovery.com/v1/content/videos/5ad3aa436b66d130312669de'),
(63, 'https://www.animalplanet.com/jeremy-wades-mighty-rivers/the-yangtze/'),
(63, 'https://api.discovery.com/v1/streaming/video/5ad3ac1b6b66d130312669e0'),
(63, 'https://api.discovery.com/v1/content/videos/5ad3ac1b6b66d130312669e0'),
(63, 'https://www.animalplanet.com/tanked/triple-tank-throwdown/'),
(63, 'https://api.discovery.com/v1/streaming/video/5ad104f16b66d130312669b9'),
(63, 'https://api.discovery.com/v1/content/videos/5ad104f16b66d130312669b9'),
(63, 'https://www.animalplanet.com/jeremy-wades-mighty-rivers/the-ganges/'),
(63, 'https://api.discovery.com/v1/streaming/video/5aca8c786b66d1303126678f'),
(63, 'https://api.discovery.com/v1/content/videos/5aca8c786b66d1303126678f'),
(63, 'https://www.animalplanet.com/robson-green-extreme-fisherman/razor-tooth-bonefish-of-venezuela/'),
(63, 'https://api.discovery.com/v1/streaming/video/5aca8b7d6b66d1303126678c'),
(63, 'https://api.discovery.com/v1/content/videos/5aca8b7d6b66d1303126678c'),
(63, 'https://www.animalplanet.com/tanked/bretts-donut-mania-tank/'),
(63, 'https://api.discovery.com/v1/streaming/video/5ac7889c6b66d130312666e2'),
(63, 'https://api.discovery.com/v1/content/videos/5ac7889c6b66d130312666e2'),
(63, 'https://www.animalplanet.com/the-zoo/bears-will-be-bears/'),
(63, 'https://api.discovery.com/v1/streaming/video/5ab679ed6b66d1337a63d1eb'),
(63, 'https://api.discovery.com/v1/content/videos/5ab679ed6b66d1337a63d1eb'),
(63, 'https://www.animalplanet.com/the-zoo/the-tigers-dance/'),
(63, 'https://api.discovery.com/v1/streaming/video/5aac2b866b66d1341a6d44b8'),
(63, 'https://api.discovery.com/v1/content/videos/5aac2b866b66d1341a6d44b8'),
(63, 'https://api.discovery.com/v1/content/collections/58b9b9846b66d13009d3d50c'),
(63, 'https://www.animalplanet.com/playlists/best-of-kitty-halftime'),
(63, 'https://api.discovery.com/v1/content/promos/5a70ca9b6b66d103ef3b204c'),
(63, 'https://www.discovery.com/top-10-dog-breeds/'),
(63, 'https://api.discovery.com/v1/content/curatedlists/591b6d9a6b66d1822824f38b'),
(63, 'http://www.animalplanet.com/breed-selector/dog-breeds.html'),
(63, 'https://www.discovery.com/cat-breeds-a-b/'),
(63, 'https://api.discovery.com/v1/content/curatedlists/591c649c6b66d1822824f3da'),
(63, 'http://www.animalplanet.com/breedselector/catselectorindex.do'),
(63, 'https://www.discovery.com/best-family-dogs/'),
(63, 'https://api.discovery.com/v1/content/curatedlists/58bf25ad6b66d12f2addea07'),
(63, 'https://api.discovery.com/v1/content/collections/59540c276b66d1232d52e582'),
(63, 'https://api.discovery.com/v1/streaming/video/59fcca1a6b66d14ccb00eb54'),
(63, 'https://api.discovery.com/v1/content/videos/59fcca1a6b66d14ccb00eb54'),
(63, 'https://api.discovery.com/v1/streaming/video/5a1588426b66d16cfa1ffb30'),
(63, 'https://api.discovery.com/v1/content/videos/5a1588426b66d16cfa1ffb30'),
(63, 'https://api.discovery.com/v1/streaming/video/591c9a0e6b66d1fc1e2926ea'),
(63, 'https://api.discovery.com/v1/content/videos/591c9a0e6b66d1fc1e2926ea'),
(63, 'https://api.discovery.com/v1/streaming/video/5a0dfe916b66d173d3352e7b'),
(63, 'https://api.discovery.com/v1/content/videos/5a0dfe916b66d173d3352e7b'),
(63, 'https://www.animalplanet.com/puppy-bowl/on-the-road-to-puppy-bowl-xiv-with-animal-planet-and-subaru/'),
(63, 'https://api.discovery.com/v1/streaming/video/5a270c196b66d17a5026dfcf'),
(63, 'https://api.discovery.com/v1/content/videos/5a270c196b66d17a5026dfcf'),
(63, 'https://api.discovery.com/v1/streaming/video/58a286556b66d13009d3c7d4'),
(63, 'https://api.discovery.com/v1/content/videos/58a286556b66d13009d3c7d4'),
(63, 'https://api.discovery.com/v1/streaming/video/58a245406b66d13009d3a1e0'),
(63, 'https://api.discovery.com/v1/content/videos/58a245406b66d13009d3a1e0'),
(63, 'https://api.discovery.com/v1/content/collections/5935b4006b66d1fc1e29363b'),
(63, 'https://www.animalplanet.com/tanked/gangster-tank/'),
(63, 'https://api.discovery.com/v1/content/videos/5af5e52c6b66d153ea57be02'),
(63, 'https://www.animalplanet.com/robson-green-extreme-fisherman/bull-shark-faceoff/'),
(63, 'https://api.discovery.com/v1/content/videos/5aef79076b66d16f0e095037'),
(63, 'https://www.animalplanet.com/jeremy-wades-mighty-rivers/the-amazon/'),
(63, 'https://api.discovery.com/v1/content/videos/5aef776c6b66d16f0e095033'),
(63, 'https://www.animalplanet.com/the-zoo/training-dragons/'),
(63, 'https://api.discovery.com/v1/content/videos/5ae34aac6b66d16f0e094c48'),
(63, 'https://www.animalplanet.com/bondi-vet/brave-retriever/'),
(63, 'https://api.discovery.com/v1/content/videos/5aef7a9f6b66d16f0e095041'),
(63, 'https://www.animalplanet.com/bondi-vet/off-track-turtle/'),
(63, 'https://api.discovery.com/v1/content/videos/5aef7a576b66d16f0e09503f'),
(63, 'https://www.animalplanet.com/bondi-vet/bizarre-love-triangle/'),
(63, 'https://api.discovery.com/v1/content/videos/5aef7a2c6b66d16f0e09503d'),
(63, 'https://www.animalplanet.com/bondi-vet/poisoned-pet/'),
(63, 'https://api.discovery.com/v1/content/videos/5aef79fc6b66d16f0e09503b'),
(63, 'https://www.animalplanet.com/tanked/howie-mandels-surprise-tank/'),
(63, 'https://api.discovery.com/v1/content/videos/5aed167c6b66d16f0e094fb3'),
(63, 'https://www.animalplanet.com/robson-green-extreme-fisherman/river-warlords/'),
(63, 'https://api.discovery.com/v1/content/videos/5ae369906b66d16f0e094c7a'),
(63, 'https://www.animalplanet.com/jeremy-wades-mighty-rivers/the-danube/'),
(63, 'https://api.discovery.com/v1/content/videos/5ae368f76b66d16f0e094c78'),
(63, 'https://www.animalplanet.com/the-zoo/miracle-cub/'),
(63, 'https://api.discovery.com/v1/content/videos/5ae3468a6b66d16f0e094c45'),
(63, 'https://www.animalplanet.com/tanked/mels-drive-in-tank/'),
(63, 'https://api.discovery.com/v1/content/videos/5ae32ae56b66d16f0e094c1e'),
(63, 'https://api.discovery.com/v1/content/videos/59285c566b66d1fc1e2930b4'),
(63, 'https://api.discovery.com/v1/images/58e6b1626b66d19a37e4fa33'),
(63, 'https://api.discovery.com/v1/content/videos/58f265c06b66d1f557667f17'),
(63, 'https://api.discovery.com/v1/content/collections/58b9b5d96b66d13009d3d502'),
(63, 'https://api.discovery.com/v1/content/menus/58b9a1456b66d13009d3d4eb'),
(63, 'https://api.discovery.com/v1/content/menus/57f560026b66d10b45554640'),
(63, 'https://www.animalplanet.com/general/about'),
(63, 'https://www.animalplanet.com/general/faq'),
(63, 'https://www.animalplanet.com/general/contact'),
(63, 'https://api.discovery.com/v1/content/menus/58b9a21c6b66d13009d3d4f3'),
(63, 'https://display.engagesciences.com/ui/ngx.embed.min.js'),
(63, 'https://display.engagesciences.com/display/container/dc/0b32faca-54fb-4120-8364-5473532da23d'),
(63, 'https://fusion.ddmcdn.com/app/eos-usnets/2742/sites/apl/bootstrap.js'),
(63, 'https://fusion.ddmcdn.com/app/eos-usnets/2742/sites/apl/vendors.js'),
(63, 'https://fusion.ddmcdn.com/app/eos-usnets/2742/sites/apl/displayTypes/HeroCarousel-index-jsx.1.js'),
(63, 'https://fusion.ddmcdn.com/app/eos-usnets/2742/sites/apl/displayTypes/ContinueWatchingCarousel-index-jsx.27.js'),
(63, 'https://fusion.ddmcdn.com/app/eos-usnets/2742/sites/apl/displayTypes/ShowCarousel-index-jsx.4.js'),
(63, 'https://fusion.ddmcdn.com/app/eos-usnets/2742/sites/apl/displayTypes/ThumbnailCarousel-index-jsx.0.js'),
(63, 'https://fusion.ddmcdn.com/app/eos-usnets/2742/sites/apl/displayTypes/FeaturedItem-index-jsx.17.js'),
(63, 'https://fusion.ddmcdn.com/app/eos-usnets/2742/sites/apl/displayTypes/WatchLiveAndPreview-index-jsx.19.js'),
(63, 'https://fusion.ddmcdn.com/app/eos-usnets/2742/sites/apl/client.js'),
(63, 'https://fusion.ddmcdn.com/app/eos-usnets/2742/sites/apl/displayTypes/EpisodeList-index-jsx.bfd4c0a0dac5ae41a378c573f6f6860a.css'),
(63, 'https://fusion.ddmcdn.com/app/eos-usnets/2742/sites/apl/displayTypes/Schedule-index-jsx.91abc3140f55ea463731f055ebff7940.css'),
(63, 'https://fusion.ddmcdn.com/app/eos-usnets/2742/sites/apl/displayTypes/ShowHero2-index-jsx.9b2835ceb55edd69e41d7326ba57746c.css'),
(63, 'https://fusion.ddmcdn.com/app/eos-usnets/2742/sites/apl/displayTypes/PopularShowsCarousel-index-jsx.4784f4ea3cd1aa7b436ca86858425684.css'),
(63, 'https://fusion.ddmcdn.com/app/eos-usnets/2742/sites/apl/displayTypes/CuratedListCarousel-index-jsx.c64774dd4d64c4a4fa0b1b0aa7a00049.css'),
(63, 'https://fusion.ddmcdn.com/app/eos-usnets/2742/sites/apl/displayTypes/CharacterCarousel-index-jsx.d1aabb53592a668c1bb1449011c613b1.css'),
(63, 'https://fusion.ddmcdn.com/app/eos-usnets/2742/sites/apl/displayTypes/BioGrid-index-jsx.b68c648e8d25a9694b86e71d92a64ae7.css'),
(63, 'https://fusion.ddmcdn.com/app/eos-usnets/2742/sites/apl/displayTypes/ShowHero-index-jsx.ac69ce202798387bd3950a65a56d760f.css'),
(63, 'https://fusion.ddmcdn.com/app/eos-usnets/2742/sites/apl/displayTypes/AllShowsGrid-index-jsx.c89638ffbe5e41aebaa824cb47b689be.css'),
(63, 'https://fusion.ddmcdn.com/app/eos-usnets/2742/sites/apl/displayTypes/StackedGrid-index-jsx.93fd598a1bbed903802c72708c429abf.css'),
(63, 'https://fusion.ddmcdn.com/app/eos-usnets/2742/sites/apl/displayTypes/AboutShowGrid-index-jsx.830eeab5ae3cb49566e31d7c4e9fccc4.css'),
(63, 'https://fusion.ddmcdn.com/app/eos-usnets/2742/sites/apl/displayTypes/AboutShowHeading-index-jsx.e9206d5c1b18c7accb1b079684370b20.css'),
(63, 'https://fusion.ddmcdn.com/app/eos-usnets/2742/sites/apl/displayTypes/LiveNow-index-jsx.80a5a76c522128a46a949da383204e6c.css'),
(63, 'https://fusion.ddmcdn.com/app/eos-usnets/2742/sites/apl/displayTypes/FeaturedItem2-index-jsx.55e893814d705905990c5b36f66eff6e.css'),
(63, 'https://fusion.ddmcdn.com/app/eos-usnets/2742/sites/apl/displayTypes/BioHeading-index-jsx.ada314ac827185ec5a3be5d7516c2fd9.css'),
(63, 'https://fusion.ddmcdn.com/app/eos-usnets/2742/sites/apl/displayTypes/MyVideosHelpBlock-index-jsx.50d3a6bf057a60c9ca144101f0212afc.css'),
(63, 'https://fusion.ddmcdn.com/app/eos-usnets/2742/sites/apl/displayTypes/LiveVideoMetadata-index-jsx.dce3dab5127415037345fd2f4094c99d.css'),
(63, 'https://fusion.ddmcdn.com/app/eos-usnets/2742/sites/apl/displayTypes/HTMLBlock-index-jsx.d41d8cd98f00b204e9800998ecf8427e.css'),
(63, 'https://fusion.ddmcdn.com/app/eos-usnets/2742/sites/apl/displayTypes/EmbeddedVideoPlayer-index-jsx.d41d8cd98f00b204e9800998ecf8427e.css'),
(63, 'https://www.googletagmanager.com/ns.html'),
(64, 'http://ogp.me/ns'),
(64, 'https://www.facebook.com/2008/fbml'),
(64, 'https://www.google-analytics.com/analytics.js'),
(64, 'https://www.spotify.com/us/'),
(64, 'http://www.scdn.co/i/_global/open-graph-default.png'),
(64, 'http://www.scdn.co/i/_global/twitter_card-default.jpg'),
(64, 'https://www.spotify.com/'),
(64, 'https://www.scdn.co'),
(64, 'https://accounts.spotify.com'),
(64, 'http://www.w3.org/2000/svg'),
(64, 'https://www.spotify.com/login'),
(64, 'https://support.spotify.com/'),
(64, 'https://www.spotifyjobs.com/'),
(64, 'https://newsroom.spotify.com/'),
(64, 'https://artists.spotify.com/'),
(64, 'https://developer.spotify.com/'),
(64, 'https://investors.spotify.com/'),
(64, 'https://spotifyforvendors.com/'),
(64, 'http://instagram.com/spotify'),
(64, 'https://twitter.com/spotify'),
(64, 'https://www.facebook.com/Spotify'),
(65, 'http://schema.org/Organization'),
(65, 'http://ogp.me/ns/fb'),
(65, 'http://ogp.me/ns'),
(65, 'http://ogp.me/ns/article'),
(65, 'http://ogp.me/ns/book'),
(65, 'http://ogp.me/ns/profile'),
(65, 'http://ogp.me/ns/video'),
(65, 'http://ogp.me/ns/product'),
(65, 'http://schema.org/WebSite'),
(65, 'https://weather.com/sites/all/themes/twc_admin/favicon.ico'),
(65, 'https://weather.com/'),
(65, 'https://s.w-x.co//TWC_logo_100x100.gif'),
(65, 'https://s.w-x.co/240x180_twc_default.png'),
(65, 'https://itunes.apple.com/us/app/weather-channel-local-forecasts/id295646461'),
(65, 'https://itunes.apple.com/us/app/weather-channel-app-for-ipad/id364252504'),
(65, 'https://play.google.com/store/apps/details'),
(65, 'https://s.w-x.co/weather/assets/main.93b95a3675c0021ea073e403315cdef9.css'),
(65, 'https://s.w-x.co/weather/assets/vendor.7778025f11848eeefa35.js'),
(65, 'https://s.w-x.co/weather/assets/common.7778025f11848eeefa35.js'),
(65, 'https://s.w-x.co/weather/assets/main.7778025f11848eeefa35.js'),
(65, 'https://plus.google.com/'),
(65, 'https://s.w-x.co/weather/assets/109.CanonicalUrl.6479d8f55a4397faebe0.js'),
(65, 'https://s.w-x.co/weather/assets/5.MetaTag.4d7b7bce71433b73d330.js'),
(65, 'https://s.w-x.co/weather/assets/24.CobrandHeader.23b7a5de2c80670587a7.js'),
(65, 'https://s.w-x.co/weather/assets/13.TwcHeader.e3ab12a4040c8f15311d.js'),
(65, 'https://s.w-x.co/weather/assets/12.SavedLocations.0a50235c43f0e85726ac.js'),
(65, 'https://s.w-x.co/weather/assets/31.LocalsuiteNav.14a5d4d130adbeb88d97.js'),
(65, 'https://s.w-x.co/weather/assets/11.ContentMedia.ee1696f544ed11efc940.js'),
(65, 'https://s.w-x.co/weather/assets/81.HomeMap.538e848885b3258cc935.js'),
(65, 'http://www.w3.org/2000/svg'),
(65, 'http://schema.org/WebPage'),
(65, 'https://www.wunderground.com/monthlyweather/'),
(65, 'https://dsx.weather.com/util/image/w/geekin.jpg'),
(65, 'https://dsx.weather.com/util/image/map/DCT_SPECIAL104_1280x720.jpg'),
(65, 'https://dsx.weather.com/util/image/w/poollava.jpg'),
(65, 'https://dsx.weather.com/util/image/w/sanfran_1.jpg'),
(65, 'https://dsx.weather.com/util/image/w/boysharks.jpg'),
(65, 'https://dsx.weather.com/util/image/w/tickbite_2.jpg'),
(65, 'https://dsx.weather.com/util/image/w/boat1_4.jpg'),
(65, 'https://podcast.weather.com/'),
(65, 'https://dsx.weather.com/util/image/w/benttracks.jpg'),
(65, 'https://api.weather.com/v2/maps/dynamic'),
(65, 'https://feedback.weather.com/customer/en/portal/articles'),
(65, 'http://ibm.biz/BdH3av'),
(65, 'https://weather.com/apps'),
(65, 'http://www.theweathercompany.com/newsroom'),
(65, 'http://watsonadvertising.ibm.com/contact-us/'),
(65, 'http://watsonadvertising.ibm.com/self-service'),
(65, 'https://weather.com/tv'),
(65, 'http://www.controlyourtv.org/Intro.aspx'),
(65, 'http://www.exploregeorgia.org/weather-and-travel-tips'),
(65, 'http://www.bom.gov.au/data-access/3rd-party-attribution.shtml'),
(65, 'https://cdn.polyfill.io/v2/polyfill.min.js'),
(65, 'https://dsx.weather.com/wxd/v2/loc/'),
(65, 'https://api.weather.com/v2/turbo/vt1observation'),
(65, 'https://api.weather.com/v2/turbo/vt1dailyforecast'),
(65, 'https://consent.truste.com/notice'),
(66, 'https://nexus.ensighten.com/citizensbank/prod/Bootstrap.js'),
(66, 'http://windows.microsoft.com/en-us/internet-explorer/download-ie'),
(66, 'https://www.citizensbankonline.com'),
(66, 'https://gateway.citizenscommercialbanking.com/ccp/accessmoneymanager.jsp'),
(66, 'https://www.accessmycardonline.com/CARDS_Consumer/Login.do'),
(66, 'https://www.cfgbusinessaccess.com/CARDS_Commercial/Login.do'),
(66, 'https://citizensone.customercarenet.com/ccn/citizensone/mymortgage.html'),
(66, 'https://www.wealthscapeinvestor.com/citizensinvest'),
(66, 'https://www.citizensbankonline.com/efs/efs/index.html'),
(66, 'http://investor.citizensbank.com/about-us.aspx'),
(66, 'http://www.citizensbankannualfeeclassactionsettlement.com'),
(66, 'http://www.citizensone.com'),
(66, 'http://investor.citizensbank.com/about-us/our-company.aspx'),
(66, 'https://jobs.citizensbank.com/'),
(66, 'http://www.facebook.com/citizensbank'),
(66, 'http://twitter.com/citizensbank'),
(66, 'http://linkedin.com/company/citizens-bank'),
(66, 'http://youtube.com/citizensbank'),
(66, 'https://www.instagram.com/citizensbank'),
(66, 'https://www.fdic.gov'),
(67, 'http://www.w3.org/TR/xhtml1/DTD/xhtml1-transitional.dtd'),
(67, 'http://www.w3.org/1999/xhtml'),
(67, 'http://www.santander.com/csgs/Satellite/CFWCSancomQP01/en_GB/Corporate.html'),
(67, 'http://www.santander.com/csgs/Satellite/CFWCSancomQP01/en_GB/Corporate/Shareholders-and-Investors/The-Share-Santander/Price.html'),
(67, 'https://brand.santander.com/en/'),
(67, 'http://www.santander.com/csgs/Satellite/CFWCSancomQP01/en_GB/Corporate/About-The-Group.html'),
(67, 'http://www.santander.com/csgs/Satellite/CFWCSancomQP01/en_GB/Corporate/Financial-services.html'),
(67, 'http://www.santander.com/csgs/Satellite/CFWCSancomQP01/en_GB/Corporate/Press-room.html'),
(67, 'https://www.santander.com/csgs/Satellite/CFWCSancomQP01/en_GB/10th-Call-for-Social-Projects-2018.html'),
(67, 'https://www.santander.com/csgs/Satellite/CFWCSancomQP01/en_GB/Corporate/1Q2018-Results-Presentation'),
(67, 'http://www.santander.com/csgs/Satellite/CFWCSancomQP01/en_GB/Corporate/Press-room/Banco-Popular-acquisition.html'),
(67, 'http://www.santanderannualreport.com/2017/en.html'),
(67, 'https://www.bancosantander.es/'),
(67, 'https://www.santander.com.br/br/'),
(67, 'http://www.santander.co.uk/csgs/Satellite'),
(67, 'http://www.santandertotta.pt/pagina/indice/0'),
(67, 'http://www.santander.com.mx/NuevaVersion/index.html'),
(67, 'http://www.santander.cl/'),
(67, 'http://www.santanderrio.com.ar/individuos/'),
(67, 'http://www.santanderbank.de/ '),
(67, 'https://www.santanderbank.com/ '),
(67, 'http://indywidualni.bzwbk.pl/'),
(67, 'https://www.openbank.es'),
(67, 'http://www.santander.com.pe/BSP/estatico/index.html'),
(67, 'https://www.santander.pr/'),
(67, 'http://www.santander.com.uy/'),
(67, 'http://www.santanderconsumer.com/csgs/Satellite'),
(67, 'http://www.santanderconsumer.de/de/privatkunden/index.html'),
(67, 'http://www.santanderconsumer.at/'),
(67, 'http://www.santander.be'),
(67, 'https://www.santanderconsumer.dk/'),
(67, 'http://www.santanderconsumerusa.com/'),
(67, 'http://www.santanderconsumer.es/'),
(67, 'https://www.santanderconsumer.fi/Pages/Default.aspx'),
(67, 'http://www.santander.nl/'),
(67, 'http://www.santanderconsumer.it/'),
(67, 'https://www.santander.no/'),
(67, 'https://www.santanderconsumer.pt/'),
(67, 'http://www.santanderconsumer.co.uk/'),
(67, 'http://www.roadloans.com'),
(67, 'https://www.santanderconsumer.pl/'),
(67, 'http://www.santanderconsumer.se'),
(67, 'http://www.chryslercapital.com'),
(67, 'http://www.pb-santander.com/ '),
(67, 'https://www.bancosantander.es/es/private-banking'),
(67, 'https://www.santander.com.br/conta-corrente-pessoa-fisica/santander-private'),
(67, 'https://www.santandertotta.pt/pt_PT/Particulares/Private-Banking.html '),
(67, 'http://www.santander.com.mx/bp/home/'),
(67, 'http://www.santanderpb.cl/'),
(67, 'http://www.santanderassetmanagement.com'),
(67, 'http://www.santanderassetmanagement.com.br/sam-br/pt_PT/Santander-Asset-Management-Brasil '),
(67, 'http://www.santanderassetmanagement.es'),
(67, 'http://www.am.bzwbk.pl'),
(67, 'http://www.santanderassetmanagement.co.uk/sam-uk/en_GB/sam-uk'),
(67, 'http://formulasantander.com/'),
(67, 'http://www.futbolsantander.com/'),
(67, 'http://www.becas-santander.com'),
(67, 'https://www.santanderbank.de/de_DE/Startseite/Universitaeten/Santander_Universitaeten.html'),
(67, 'http://www.santanderrio.com.ar/banco/online/personas/universidades'),
(67, 'https://www.santanderuniversidades.com.br/premios/Paginas/default.aspx'),
(67, 'http://www.santander.cl/contenidos/universitarios/becas.asp'),
(67, 'http://www.santanderbank.com/us/universities'),
(67, 'http://santanderuniversidades.com.mx/'),
(67, 'http://www.santanderuniversidades.pl'),
(67, 'https://www.santandertotta.pt/pt_PT/Particulares/Universitarios.html'),
(67, 'http://santanderuniversidades.com.uy/'),
(67, 'http://www.fundacion-uceif.org/'),
(67, 'http://www.redemprendia.org'),
(67, 'http://www.cise.es/'),
(67, 'http://www.universia.es'),
(67, 'http://www.fundacionuniversia.net'),
(67, 'http://www.fundacionbancosantander.com'),
(67, 'http://www.santandercultural.com.br'),
(67, 'http://www.santanderfoundation.org.uk'),
(67, 'http://www.cervantesvirtual.es'),
(67, 'https://es.santanderadvance.com/'),
(67, 'http://www.altamirainmuebles.com/'),
(67, 'http://www.superbuscador.es/'),
(67, 'http://www.portalvantagens.santandertotta.pt/'),
(67, 'http://www.archivohistoricosantander.com/'),
(67, 'http://blog.archivohistoricosantander.com/'),
(67, 'http://www.casacompara.com.mx/ '),
(67, 'http://www.santandertrade.com'),
(67, 'http://www.santanderelavon.com/'),
(67, 'http://www.santanderibc.com'),
(67, 'http://www.santanderinnoventures.com/'),
(67, 'http://www.finanzasparamortales.es/'),
(67, 'http://www.contasuper.com.br/'),
(67, 'http://twitter.com/bancosantander'),
(67, 'http://www.youtube.com/user/SantanderGroup'),
(67, 'http://www.slideshare.net/BancoSantander'),
(67, 'http://www.pinterest.com/gruposantander/'),
(67, 'http://www.linkedin.com/company/banco-santander'),
(67, 'https://plus.google.com/b/104006513911504271431/104006513911504271431/posts'),
(67, 'http://www.sustainability-index.com/'),
(67, 'http://www.ftse.com/Indices/FTSE4Good_Index_Series/index.jsp'),
(67, 'http://www.pactomundial.org/'),
(68, 'http://www.nba.com'),
(68, 'https://www.drupal.org'),
(68, 'http://nbavod-f.akamaihd.net/z/nba/big'),
(68, 'http://nbavod-f.akamaihd.net/i/nba/big'),
(68, 'http://nba.cdn.turner.com/nba/big'),
(68, 'https://cdn.nba.net/nba-drupal-prod/2017-08/SEO-image-NBA-logoman.jpg'),
(68, 'http://www.nba.com/'),
(68, 'https://cdn.nba.net/nba-drupal-prod/2017-08/Twitter-seo-image-NBA-logman.jpg'),
(68, 'http://cdn.nba.net/assets/icons/favicon16.ico'),
(68, 'http://cdn.nba.net/assets/icons/apple-touch-icon.png'),
(68, 'http://stats.nba.com/schedule'),
(68, 'http://stats.nba.com/'),
(68, 'http://global.nba.com/store-link-handler/'),
(68, 'http://auctions.nba.com/'),
(68, 'http://nbagameworn.com/'),
(68, 'http://nbanyc.fanatics.com/'),
(68, 'https://photostore.nba.com/'),
(68, 'http://www.nba.com/nbatv'),
(68, 'http://stats.nba.com/schedule/'),
(68, 'https://www.nba.com/playoffs/bracketchallenge/'),
(68, 'http://www.nba.com/playoffs/'),
(68, 'http://www.nba.com/history'),
(68, 'http://wnba.com/'),
(68, 'http://www.nba.com/dleague/'),
(68, 'https://2kleague.nba.com/'),
(68, 'http://cares.nba.com/'),
(68, 'http://jr.nba.com/'),
(68, 'https://nbaacademy.nba.com/'),
(68, 'http://pr.nba.com/'),
(68, 'http://official.nba.com/'),
(68, 'http://official.nba.com/referee-assignments/'),
(68, 'http://official.nba.com/replay/'),
(68, 'http://videorulebook.nba.com/'),
(68, 'https://thisiswhyweplay.nba.com/'),
(68, 'http://voices.nba.com/'),
(68, 'http://green.nba.com/'),
(68, 'http://fit.nba.com/'),
(68, 'http://hoopsfortroops.nba.com/'),
(68, 'http://www.nba.com/enebea/index.html'),
(68, 'http://stats.nba.com/transactions/'),
(68, 'http://careers.nba.com/'),
(68, 'http://contact.nba.com/'),
(68, 'https://globalstores.nba.com/'),
(68, 'http://www.nba.com/playoffs'),
(68, 'https://cdn.nba.net/nba-drupal-prod/tentpole_banners/18_Playoffs_Mobile_US.jpeg'),
(68, 'https://cdn.nba.net/nba-drupal-prod/tentpole_banners/18_Playoffs_Desktop_US.jpeg'),
(68, 'https://cdn.nba.net/nba-drupal-prod/styles/landscape_320w/s3/2018-05/jaylen-brown-celebration.jpg'),
(68, 'https://cdn.nba.net/nba-drupal-prod/styles/landscape_640w/s3/2018-05/jaylen-brown-celebration.jpg'),
(68, 'https://cdn.nba.net/nba-drupal-prod/styles/landscape_1045w/s3/2018-05/jaylen-brown-celebration.jpg'),
(68, 'https://cdn.nba.net/nba-drupal-prod/styles/landscape_1280w/s3/2018-05/jaylen-brown-celebration.jpg'),
(68, 'https://cdn.nba.net/nba-drupal-prod/styles/landscape_2090w/s3/2018-05/jaylen-brown-celebration.jpg'),
(68, 'https://cdn.nba.net/nba-drupal-prod/styles/half_bleed_320w/s3/2018-05/jaylen-brown-dribbles-game1.jpg'),
(68, 'https://cdn.nba.net/nba-drupal-prod/styles/half_bleed_640w/s3/2018-05/jaylen-brown-dribbles-game1.jpg'),
(68, 'https://cdn.nba.net/nba-drupal-prod/styles/half_bleed_320w/s3/2018-05/GettyImages-958153494.jpg'),
(68, 'https://cdn.nba.net/nba-drupal-prod/styles/half_bleed_640w/s3/2018-05/GettyImages-958153494.jpg'),
(68, 'https://cdn.nba.net/nba-drupal-prod/styles/half_bleed_320w/s3/2018-05/lebron-morris-borgia-screengrab.JPG'),
(68, 'https://cdn.nba.net/nba-drupal-prod/styles/half_bleed_640w/s3/2018-05/lebron-morris-borgia-screengrab.JPG'),
(68, 'https://cdn.nba.net/nba-drupal-prod/styles/landscape_320w/s3/2018-05/harden-emotion.jpg'),
(68, 'https://cdn.nba.net/nba-drupal-prod/styles/landscape_640w/s3/2018-05/harden-emotion.jpg'),
(68, 'https://cdn.nba.net/nba-drupal-prod/styles/landscape_1045w/s3/2018-05/harden-emotion.jpg'),
(68, 'https://cdn.nba.net/nba-drupal-prod/styles/landscape_1280w/s3/2018-05/harden-emotion.jpg'),
(68, 'https://cdn.nba.net/nba-drupal-prod/styles/landscape_2090w/s3/2018-05/harden-emotion.jpg'),
(68, 'https://cdn.nba.net/nba-drupal-prod/styles/landscape_320w/s3/2018-05/curry-paul_0.jpg'),
(68, 'https://cdn.nba.net/nba-drupal-prod/styles/landscape_640w/s3/2018-05/curry-paul_0.jpg'),
(68, 'https://cdn.nba.net/nba-drupal-prod/styles/landscape_1045w/s3/2018-05/curry-paul_0.jpg'),
(68, 'https://cdn.nba.net/nba-drupal-prod/styles/landscape_1280w/s3/2018-05/curry-paul_0.jpg'),
(68, 'https://cdn.nba.net/nba-drupal-prod/styles/landscape_2090w/s3/2018-05/curry-paul_0.jpg'),
(68, 'https://cdn.nba.net/nba-drupal-prod/styles/landscape_320w/s3/2018-05/WesternFinals-1-noText.jpg'),
(68, 'https://cdn.nba.net/nba-drupal-prod/styles/landscape_640w/s3/2018-05/WesternFinals-1-noText.jpg'),
(68, 'https://cdn.nba.net/nba-drupal-prod/styles/landscape_1045w/s3/2018-05/WesternFinals-1-noText.jpg'),
(68, 'https://cdn.nba.net/nba-drupal-prod/styles/landscape_1280w/s3/2018-05/WesternFinals-1-noText.jpg'),
(68, 'https://cdn.nba.net/nba-drupal-prod/styles/landscape_2090w/s3/2018-05/WesternFinals-1-noText.jpg'),
(68, 'https://cdn.nba.net/nba-drupal-prod/styles/landscape_320w/s3/2018-05/GettyImages-954693604.jpg'),
(68, 'https://cdn.nba.net/nba-drupal-prod/styles/landscape_640w/s3/2018-05/GettyImages-954693604.jpg'),
(68, 'https://cdn.nba.net/nba-drupal-prod/styles/landscape_1045w/s3/2018-05/GettyImages-954693604.jpg'),
(68, 'https://cdn.nba.net/nba-drupal-prod/styles/landscape_1280w/s3/2018-05/GettyImages-954693604.jpg'),
(68, 'https://cdn.nba.net/nba-drupal-prod/styles/landscape_2090w/s3/2018-05/GettyImages-954693604.jpg'),
(68, 'https://cdn.nba.net/nba-drupal-prod/styles/landscape_320w/s3/2018-05/Paul-wife-screengrab.jpg'),
(68, 'https://cdn.nba.net/nba-drupal-prod/styles/landscape_640w/s3/2018-05/Paul-wife-screengrab.jpg'),
(68, 'https://cdn.nba.net/nba-drupal-prod/styles/landscape_1045w/s3/2018-05/Paul-wife-screengrab.jpg'),
(68, 'https://cdn.nba.net/nba-drupal-prod/styles/landscape_1280w/s3/2018-05/Paul-wife-screengrab.jpg'),
(68, 'https://cdn.nba.net/nba-drupal-prod/styles/landscape_2090w/s3/2018-05/Paul-wife-screengrab.jpg'),
(68, 'https://cdn.nba.net/nba-drupal-prod/styles/landscape_320w/s3/2018-05/bosh-wife-screengrab.jpg'),
(68, 'https://cdn.nba.net/nba-drupal-prod/styles/landscape_640w/s3/2018-05/bosh-wife-screengrab.jpg'),
(68, 'https://cdn.nba.net/nba-drupal-prod/styles/landscape_1045w/s3/2018-05/bosh-wife-screengrab.jpg'),
(68, 'https://cdn.nba.net/nba-drupal-prod/styles/landscape_1280w/s3/2018-05/bosh-wife-screengrab.jpg'),
(68, 'https://cdn.nba.net/nba-drupal-prod/styles/landscape_2090w/s3/2018-05/bosh-wife-screengrab.jpg'),
(68, 'https://cdn.nba.net/nba-drupal-prod/styles/landscape_320w/s3/2018-05/draymond-harden.jpg'),
(68, 'https://cdn.nba.net/nba-drupal-prod/styles/landscape_640w/s3/2018-05/draymond-harden.jpg'),
(68, 'https://cdn.nba.net/nba-drupal-prod/styles/landscape_1045w/s3/2018-05/draymond-harden.jpg'),
(68, 'https://cdn.nba.net/nba-drupal-prod/styles/landscape_1280w/s3/2018-05/draymond-harden.jpg'),
(68, 'https://cdn.nba.net/nba-drupal-prod/styles/landscape_2090w/s3/2018-05/draymond-harden.jpg'),
(68, 'https://cdn.nba.net/nba-drupal-prod/styles/landscape_320w/s3/2018-05/o'),
(68, 'https://cdn.nba.net/nba-drupal-prod/styles/landscape_640w/s3/2018-05/o'),
(68, 'https://cdn.nba.net/nba-drupal-prod/styles/landscape_1045w/s3/2018-05/o'),
(68, 'https://cdn.nba.net/nba-drupal-prod/styles/landscape_1280w/s3/2018-05/o'),
(68, 'https://cdn.nba.net/nba-drupal-prod/styles/landscape_2090w/s3/2018-05/o'),
(68, 'https://cdn.nba.net/nba-drupal-prod/styles/landscape_320w/s3/2018-05/casey-point.jpg'),
(68, 'https://cdn.nba.net/nba-drupal-prod/styles/landscape_640w/s3/2018-05/casey-point.jpg'),
(68, 'https://cdn.nba.net/nba-drupal-prod/styles/landscape_1045w/s3/2018-05/casey-point.jpg'),
(68, 'https://cdn.nba.net/nba-drupal-prod/styles/landscape_1280w/s3/2018-05/casey-point.jpg'),
(68, 'https://cdn.nba.net/nba-drupal-prod/styles/landscape_2090w/s3/2018-05/casey-point.jpg'),
(68, 'https://cdn.nba.net/nba-drupal-prod/styles/landscape_320w/s3/2018-05/lowry-derozan.jpg'),
(68, 'https://cdn.nba.net/nba-drupal-prod/styles/landscape_640w/s3/2018-05/lowry-derozan.jpg'),
(68, 'https://cdn.nba.net/nba-drupal-prod/styles/landscape_1045w/s3/2018-05/lowry-derozan.jpg'),
(68, 'https://cdn.nba.net/nba-drupal-prod/styles/landscape_1280w/s3/2018-05/lowry-derozan.jpg'),
(68, 'https://cdn.nba.net/nba-drupal-prod/styles/landscape_2090w/s3/2018-05/lowry-derozan.jpg'),
(68, 'http://www.nba.com/the-starters-podcasts'),
(68, 'https://cdn.nba.net/nba-drupal-prod/styles/landscape_320w/s3/2018-05/ujiri.jpg'),
(68, 'https://cdn.nba.net/nba-drupal-prod/styles/landscape_640w/s3/2018-05/ujiri.jpg'),
(68, 'https://cdn.nba.net/nba-drupal-prod/styles/landscape_1045w/s3/2018-05/ujiri.jpg'),
(68, 'https://cdn.nba.net/nba-drupal-prod/styles/landscape_1280w/s3/2018-05/ujiri.jpg'),
(68, 'https://cdn.nba.net/nba-drupal-prod/styles/landscape_2090w/s3/2018-05/ujiri.jpg'),
(68, 'https://cdn.nba.net/nba-drupal-prod/styles/landscape_320w/s3/2018-05/NBA-ConferenceFinals18-V2-graphic.jpg'),
(68, 'https://cdn.nba.net/nba-drupal-prod/styles/landscape_640w/s3/2018-05/NBA-ConferenceFinals18-V2-graphic.jpg'),
(68, 'https://cdn.nba.net/nba-drupal-prod/styles/landscape_1045w/s3/2018-05/NBA-ConferenceFinals18-V2-graphic.jpg'),
(68, 'https://cdn.nba.net/nba-drupal-prod/styles/landscape_1280w/s3/2018-05/NBA-ConferenceFinals18-V2-graphic.jpg'),
(68, 'https://cdn.nba.net/nba-drupal-prod/styles/landscape_2090w/s3/2018-05/NBA-ConferenceFinals18-V2-graphic.jpg'),
(68, 'http://www.nba.com/NBAAwards'),
(68, 'https://cdn.nba.net/nba-drupal-prod/styles/landscape_320w/s3/2018-04/lebron-suit-pregame.jpg'),
(68, 'https://cdn.nba.net/nba-drupal-prod/styles/landscape_640w/s3/2018-04/lebron-suit-pregame.jpg'),
(68, 'https://cdn.nba.net/nba-drupal-prod/styles/landscape_1045w/s3/2018-04/lebron-suit-pregame.jpg'),
(68, 'https://cdn.nba.net/nba-drupal-prod/styles/landscape_1280w/s3/2018-04/lebron-suit-pregame.jpg'),
(68, 'https://cdn.nba.net/nba-drupal-prod/styles/landscape_2090w/s3/2018-04/lebron-suit-pregame.jpg'),
(68, 'http://cares.nba.com/mindhealth/'),
(68, 'http://www.nba.com/news/privacy_policy.html'),
(68, 'http://www.nba.com/closed_captioning'),
(68, 'http://www.nba.com/news/termsofuse'),
(69, 'http://ogp.me/ns'),
(69, 'http://ogp.me/ns/article'),
(69, 'http://ogp.me/ns/book'),
(69, 'http://ogp.me/ns/profile'),
(69, 'http://ogp.me/ns/video'),
(69, 'http://ogp.me/ns/product'),
(69, 'http://purl.org/rss/1.0/modules/content/'),
(69, 'http://purl.org/dc/terms/'),
(69, 'http://xmlns.com/foaf/0.1/'),
(69, 'http://www.w3.org/2000/01/rdf-schema'),
(69, 'http://rdfs.org/sioc/ns'),
(69, 'http://rdfs.org/sioc/types'),
(69, 'http://www.w3.org/2004/02/skos/core'),
(69, 'http://www.w3.org/2001/XMLSchema'),
(69, 'http://www.w3.org/1999/xhtml/vocab'),
(69, 'https://i2.turner.ncaa.com/sites/default/files/favicon_0.ico'),
(69, 'http://drupal.org'),
(69, 'https://www.ncaa.com/'),
(69, 'https://i.turner.ncaa.com/sites/all/modules/custom/ncaa_social/images/ncaa_share_default.jpeg'),
(69, 'https://www.ncaa.com/home'),
(69, 'https://i2.turner.ncaa.com/sites/default/files/cdn/css/http/css_N0XTi0myo_z5gglXiLxvwaAGKbrUXqaRj-54dPUAvjY.css'),
(69, 'https://i2.turner.ncaa.com/sites/default/files/cdn/css/http/css_FLHiR2YZEaB3uNV46ennCcH_anx2khsihxLeb9947ok.css'),
(69, 'https://i2.turner.ncaa.com/sites/default/files/cdn/css/http/css_ejjFG5nbIYXCZGHP-7EqrpVyxw3w5bmiIUbnL47TVHs.css'),
(69, 'https://i2.turner.ncaa.com/sites/default/files/cdn/css/http/css_TQUv-WxQGR-Ryg-eFL7OsHQ1hpAARZSjY2Vq0x9wzC0.css'),
(69, 'https://i2.turner.ncaa.com/sites/default/files/cdn/css/http/css_47DEQpj8HBSa-_TImW-5JCeuQeRkm5NMpJWZG3hSuFU.css'),
(69, 'https://i2.turner.ncaa.com/sites/default/files/js/js_EeuVRxUxLjAotLjvfArTEWdJXJRdBOZYj1cgk81CIO0.js'),
(69, 'https://i2.turner.ncaa.com/sites/default/files/js/js_XhCtJz9Vzy1WhAiQN-Zr19FUGRvbrG-4PiV-3tF0Mi0.js');
INSERT INTO `sitelinks` (`site_id`, `link`) VALUES
(69, 'https://i2.turner.ncaa.com/sites/default/files/js/js_R9UbiVw2xuTUI0GZoaqMDOdX0lrZtgX-ono8RVOUEVc.js'),
(69, 'https://i2.turner.ncaa.com/sites/default/files/js/js__LWHCTomcmfNQp_0HsUE1WPuJnZTKbkGc8zqdaXVxhk.js'),
(69, 'https://i2.turner.ncaa.com/sites/default/files/js/js_zNVnq3gtedoQ_fafhYa0ksSDg81Emtj5kIQgrGt_nCY.js'),
(69, 'https://i.cdn.turner.com/ads/adfuel/ais/ncaa_2_0-ais.js'),
(69, 'https://i.cdn.turner.com/ads/adfuel/adfuel-1.2.3.min.js'),
(69, 'https://i.cdn.turner.com/ads/ncaa_2_0/ncaa_homepage.js'),
(69, 'https://i2.turner.ncaa.com/sites/default/files/js/js_ed3D_5sDNo-QYEXLWbjSgxEQFE0GGf9leKW5jWPnXdU.js'),
(69, 'https://i2.turner.ncaa.com/sites/default/files/js/js_0pr4X3MHabRVc_ND_mS2V9cvvmmZyhEMP1cGwqKI5Qk.js'),
(69, 'https://cdn.optimizely.com/js/1963860229.js'),
(69, 'https://i2.turner.ncaa.com/sites/default/files/js/js_-d6rLDuC8NLRY1pyZrcRz1_BRcfwALuv80TBZ1I4u3I.js'),
(69, 'https://i2.turner.ncaa.com/sites/default/files/js/js_SRD2yozM42xz6BK7uOJt1fC_rsCDcWnXYbshQ1DUkbk.js'),
(69, 'https://www.facebook.com/ncaa'),
(69, 'https://www.twitter.com/ncaa'),
(69, 'https://www.youtube.com/NCAA'),
(69, 'https://www.instagram.com/NCAAsports'),
(69, 'https://www.facebook.com/NCAACWS'),
(69, 'https://www.twitter.com/ncaacws'),
(69, 'https://plus.google.com/'),
(69, 'https://www.facebook.com/NCAAmarchmadness'),
(69, 'https://www.twitter.com/marchmadness'),
(69, 'https://www.instagram.com/marchmadness'),
(69, 'https://www.facebook.com/NCAAwomensbasketball'),
(69, 'https://www.twitter.com/ncaawbb'),
(69, 'https://www.facebook.com/NCAADIFootball'),
(69, 'https://www.twitter.com/NCAAFootball '),
(69, 'https://www.facebook.com/ncaafcsfootball'),
(69, 'https://www.twitter.com/NCAA_FCS'),
(69, 'https://www.facebook.com/NCAAmenshockey'),
(69, 'https://www.twitter.com/ncaaicehockey'),
(69, 'https://www.facebook.com/NCAAlax'),
(69, 'https://www.twitter.com/NCAALAX'),
(69, 'https://www.facebook.com/NCAASoccer'),
(69, 'https://www.twitter.com/NCAASoccer'),
(69, 'https://www.facebook.com/NCAASoftball'),
(69, 'https://www.twitter.com/ncaasoftball'),
(69, 'https://www.facebook.com/NCAA-Track-Field'),
(69, 'https://www.twitter.com/ncaatrackfield'),
(69, 'https://www.facebook.com/NCAAvolleyball'),
(69, 'https://www.twitter.com/ncaavolleyball'),
(69, 'https://www.facebook.com/NCAAwrestling'),
(69, 'https://www.twitter.com/ncaawrestling'),
(69, 'https://i.turner.ncaa.com/sites/all/themes/ncaa/ncaa-respo/logo.png'),
(69, 'https://i.turner.ncaa.com/sites/default/files/ncaa_nav/infocus/prelim_logos_lacrosse_mens.png'),
(69, 'https://i.turner.ncaa.com/sites/default/files/ncaa_nav/infocus/prelim_logos_lacrosse_womens.png'),
(69, 'https://i.turner.ncaa.com/sites/default/files/ncaa_nav/infocus/prelim_logos_softball.png'),
(69, 'https://i.turner.ncaa.com/sites/default/files/images/logos/schools/v/villanova.24.png'),
(69, 'https://i.turner.ncaa.com/sites/default/files/images/logos/schools/m/michigan.24.png'),
(69, 'https://i.turner.ncaa.com/sites/default/files/images/logos/schools/l/loyola-il.24.png'),
(69, 'https://i.turner.ncaa.com/sites/default/files/images/logos/schools/k/kansas.24.png'),
(69, 'https://i.turner.ncaa.com/sites/default/files/images/logos/schools/d/duke.24.png'),
(69, 'https://i.turner.ncaa.com/sites/default/files/images/logos/schools/t/texas-tech.24.png'),
(69, 'https://i.turner.ncaa.com/sites/default/files/images/logos/schools/f/florida-st.24.png'),
(69, 'https://i.turner.ncaa.com/sites/default/files/images/logos/schools/k/kentucky.24.png'),
(69, 'https://i.turner.ncaa.com/sites/default/files/images/logos/schools/s/syracuse.24.png'),
(69, 'https://i.turner.ncaa.com/sites/default/files/images/logos/schools/k/kansas-st.24.png'),
(69, 'https://i.turner.ncaa.com/sites/default/files/images/logos/schools/o/ohio-st.24.png'),
(69, 'https://i.turner.ncaa.com/sites/default/files/images/logos/schools/t/texas-am.24.png'),
(69, 'https://i.turner.ncaa.com/sites/default/files/images/logos/schools/m/monmouth.24.png'),
(69, 'https://i.turner.ncaa.com/sites/default/files/images/logos/schools/g/gonzaga.24.png'),
(69, 'https://i.turner.ncaa.com/sites/default/files/images/logos/schools/c/clemson.24.png'),
(69, 'https://i.turner.ncaa.com/sites/default/files/images/logos/schools/p/purdue.24.png'),
(69, 'https://i.turner.ncaa.com/sites/default/files/images/logos/schools/n/nevada.24.png'),
(69, 'https://i.turner.ncaa.com/sites/default/files/images/logos/schools/w/west-virginia.24.png'),
(69, 'https://i.turner.ncaa.com/sites/default/files/images/logos/schools/f/florida.24.png'),
(69, 'https://i.turner.ncaa.com/sites/default/files/images/logos/schools/m/michigan-st.24.png'),
(69, 'https://i.turner.ncaa.com/sites/default/files/ncaa_nav/championships/champ-menu-champ-central-icon_0.png'),
(69, 'http://www.ncaa.com/news/ncaa/article/2017-04-18/2019-2022-future-di-ncaa-championship-sites'),
(69, 'https://i.turner.ncaa.com/sites/default/files/ncaa_nav/championships/champ-menu-champ-central-icon_0_0.png'),
(69, 'https://www.primesport.com/d/ncaa-mens-final-four'),
(69, 'https://www.primesport.com/d/ncaa-wrestling-tickets'),
(69, 'http://www.shopncaasports.com/'),
(69, 'https://www.ncaa.com/news/waterpolo-women/article/2018-05-11/usc-womens-water-polo-wins-fifth-national-title-5-4-over'),
(69, 'https://www.ncaa.com/interactive-bracket/waterpolo-women/nc'),
(69, 'https://www.ncaa.com/news/softball/article/2018-05-12/ncaa-di-softball-championship-bracket-be-announced-sunday-may-13-10'),
(69, 'https://www.ncaa.com/news/lacrosse-men/article/2018-05-10/ncaa-lacrosse-tewaaraton-award-finalists-announced-2018-season'),
(69, 'https://www.ncaa.com/scoreboards/lacrosse-men/d1'),
(69, 'https://www.ncaa.com/news/waterpolo-women/article/2018-05-11/2018-nc-womens-water-polo-championship-results-schedule-and'),
(69, 'https://www.ncaa.com/video/waterpolo-women/2018-05-12/nc-womens-water-polo-2018-semifinal-recap'),
(69, 'https://i.turner.ncaa.com/sites/default/files/styles/4x4/public/tiles/article/05/2018/screen_shot_2018-05-13_at_7.25.54_pm.png'),
(69, 'https://www.ncaa.com/video/tennis-men/2018-05-12/dii-mens-tennis-championship-columbus-state-barry-recap'),
(69, 'https://www.ncaa.com/video/lacrosse-men/2018-05-09/mlax-mens-lacrosse-tewaaraton-award-finalists-2018'),
(69, 'https://ncaa-archive.cdn.turner.com/046c/_C_/2/4/54640/1/clip_2_master.m3u8'),
(69, 'https://i.turner.ncaa.com/ncaa/big/2018/05/13/2092777/1526254782809-full_replay_usc_stanford_water_polo_champ_thumb.jpg-2092777.300x168.jpg'),
(69, 'https://ncaa-vh.akamaihd.net/i/2018/05/13/caption/1526177129919-NC-W-WaterPolo-recap-semi-mov_2092140_'),
(69, 'https://i.turner.ncaa.com/ncaa/big/2018/05/13/2092141/1526177417004-women_NC_water_polo_semis_recap_thumb.jpg-2092141.300x168.jpg'),
(69, 'https://ncaa-archive.cdn.turner.com/7308/_C_/2/4/54638/1/clip_2_master.m3u8'),
(69, 'https://i.turner.ncaa.com/ncaa/big/2018/05/13/2092114/1526174990055-stanford_cal_semi_women_water_polo_thumb.jpg-2092114.300x168.jpg'),
(69, 'https://ncaa-archive.cdn.turner.com/471e/_C_/2/4/54632/1/clip_2_master.m3u8'),
(69, 'https://i.turner.ncaa.com/ncaa/big/2018/05/12/2091800/1526138715264-ucla.png-2091800.300x168.jpg'),
(69, 'https://ncaa-archive.cdn.turner.com/4940/_C_/2/4/54637/1/clip_2_master.m3u8'),
(69, 'https://i.turner.ncaa.com/ncaa/big/2018/05/12/2092019/1526168426931-usc_ucla_full_replay_waterpolo_thumb.jpg-2092019.300x168.jpg'),
(69, 'https://ncaa-vh.akamaihd.net/i/2018/05/12/caption/1526169375994-20180512-D2-MENS-TENNIS-CHAMP-RECAP-mp4_2092022_'),
(69, 'https://i.turner.ncaa.com/ncaa/big/2018/05/12/2092024/1526169567624-DII_MTennis_Championship.jpg-2092024.300x168.jpg'),
(69, 'https://ncaa-archive.cdn.turner.com/64b2/_C_/2/4/54635/1/clip_2_master.m3u8'),
(69, 'https://i.turner.ncaa.com/ncaa/big/2018/05/12/2091927/1526156882502-DII_Tennis_Mens_Champ_FullReplay.jpg-2091927.300x168.jpg'),
(69, 'https://ncaa-vh.akamaihd.net/i/2018/05/12/caption/1526092855546-NC-W-WaterPolo-recap-quarterfinal-mov_2091580_'),
(69, 'https://i.turner.ncaa.com/ncaa/big/2018/05/12/2091584/1526093277154-water_polo_quarterfinals_womens_d1.jpg-2091584.300x168.jpg'),
(69, 'https://ncaa-archive.cdn.turner.com/a06d/_C_/2/4/54634/1/clip_2_master.m3u8'),
(69, 'https://i.turner.ncaa.com/ncaa/big/2018/05/12/2091792/1526138189832-waterpolo.png-2091792.300x168.jpg'),
(69, 'https://ncaa-archive.cdn.turner.com/9194/_C_/2/4/54633/1/clip_2_master.m3u8'),
(69, 'https://i.turner.ncaa.com/ncaa/big/2018/05/11/2091378/1526082482822-stanford_quarterfinal_full_replay_polo.jpg-2091378.300x168.jpg'),
(69, 'https://ncaa-archive.cdn.turner.com/2507/_C_/2/4/54631/1/clip_2_master.m3u8'),
(69, 'https://i.turner.ncaa.com/ncaa/big/2018/05/11/2090992/1526070167445-usc_wagner_polo_full_replay.jpg-2090992.300x168.jpg'),
(69, 'https://ncaa-archive.cdn.turner.com/373f/_C_/2/4/54630/1/clip_3_master.m3u8'),
(69, 'https://i.turner.ncaa.com/ncaa/big/2018/05/11/2091398/1526083055052-diiwtennis.png-2091398.300x168.jpg'),
(69, 'https://ncaa-vh.akamaihd.net/i/2018/05/12/caption/1526090330178-20180511-D2-MEN-TENNIS-RECAP-mp4_2091519_'),
(69, 'https://i.turner.ncaa.com/ncaa/big/2018/05/12/2091516/1526089967854-mens_d2_tennis_day4recap_thumb.jpg-2091516.300x168.jpg'),
(69, 'https://ncaa-vh.akamaihd.net/i/2018/05/12/caption/1526089053333-20180511-D2-WTEN-CHAMP-RECAP-mp4_2091502_'),
(69, 'https://i.turner.ncaa.com/ncaa/big/2018/05/12/2091506/1526089263738-d2_women_tennis_day4recap_thumb.jpg-2091506.300x168.jpg'),
(69, 'https://ncaa-vh.akamaihd.net/i/2018/05/12/caption/1526091379472-D3WomensGolf-Day4-Recap-mp4_2091544_'),
(69, 'https://i.turner.ncaa.com/ncaa/big/2018/05/12/2091550/1526091558613-d3_women_golf_champ_thumb.jpg-2091550.300x168.jpg'),
(69, 'https://ncaa-vh.akamaihd.net/i/2018/05/10/caption/1525963275121-1998-golden-spikes-pat-burrell-mov_2088895_'),
(69, 'https://i.turner.ncaa.com/ncaa/big/2018/05/10/2088898/1525963465591-1998_Burrell_TBT_thumb.jpg-2088898.300x168.jpg'),
(69, 'https://ncaa-vh.akamaihd.net/i/2018/05/11/caption/1526008713213-D3WomensGolf-Day-3-Recap-no-black-frames-mov_2090065_'),
(69, 'https://i.turner.ncaa.com/ncaa/big/2018/05/11/2090068/1526009028849-D3_GOLF_WOMENS_DAY3_THUMB.jpg-2090068.300x168.jpg'),
(69, 'https://ncaa-vh.akamaihd.net/i/2018/05/11/caption/1526010284371-20180510-D2-TENNIS-RECAP-mp4_2090086_'),
(69, 'https://i.turner.ncaa.com/ncaa/big/2018/05/11/2090087/1526010502891-d2_tennis_day_three_thumb.jpg-2090087.300x168.jpg'),
(69, 'https://ncaa-vh.akamaihd.net/i/2018/05/10/caption/1525924848177-20180509-D2-TENNIS-RECAP-mp4_2088525_'),
(69, 'https://i.turner.ncaa.com/ncaa/big/2018/05/10/2088529/1525925088131-DII_Tennis_Day_Two_Recap.jpg-2088529.300x168.jpg'),
(69, 'https://ncaa-vh.akamaihd.net/i/2018/05/10/caption/1525985213757-Mens-Finalists-SITE-update-v2-mov_2089458_'),
(69, 'https://i.turner.ncaa.com/ncaa/big/2018/05/10/2089524/1525986615147-Mens_Finalists_Thumbnail.jpg-2089524.300x168.jpg'),
(69, 'https://www.ncaa.com/news/tennis-men/article/2018-05-12/columbus-state-wins-first-dii-mens-tennis-championship-5-4'),
(69, 'https://www.ncaa.com/interactive-bracket/tennis-men/d2'),
(69, 'https://www.ncaa.com/video/golf-women/2018-05-11/diii-womens-golf-championship-final-round-recap'),
(69, 'http://results.golfstat.com/public/leaderboards/gsnav.cfm'),
(69, 'https://www.ncaa.com/interactive-bracket/lacrosse-men/d1'),
(69, 'https://www.ncaa.com/news/softball/article/2018-05-12/florida-state-softballs-anna-shelnutt-hits-walk-hr-seminoles-earn'),
(69, 'https://www.ncaa.com/interactive-bracket/lacrosse-women/d2'),
(69, 'https://www.ncaa.com/sports/lacrosse-women/d3'),
(69, 'https://www.ncaa.com/interactive-bracket/tennis-men/d1'),
(69, 'https://www.ncaa.com/interactive-bracket/tennis-women/d3'),
(69, 'https://i.turner.ncaa.com/sites/default/files/styles/2x2/public/tiles/article/05/2018/_jd10263.jpg'),
(69, 'https://i.turner.ncaa.com/sites/default/files/styles/2x2/public/tiles/article/05/2018/smithoh.jpeg'),
(69, 'https://i.turner.ncaa.com/sites/default/files/styles/2x2/public/tiles/article/05/2018/lgcms.jpg'),
(69, 'https://i.turner.ncaa.com/sites/default/files/styles/2x1/public/media/13174903.jpeg'),
(69, 'https://i.turner.ncaa.com/sites/default/files/styles/2x1/public/media/swrkyennfjfppbm.20180507023435.jpg'),
(69, 'https://i.turner.ncaa.com/sites/default/files/styles/2x1/public/media/middle-tenn-softy-051218.jpg'),
(69, 'https://www.ncaa.com/interactive-bracket/lacrosse-women/d1'),
(69, 'https://i.turner.ncaa.com/sites/default/files/styles/2x1/public/tiles/graphic/05/2018/d1-wlax-quarters-sports-front_copy.jpg'),
(69, 'https://i.turner.ncaa.com/sites/default/files/styles/2x1/public/media/cisco.jpg'),
(69, 'https://www.ncaa.com/interactive-bracket/tennis-women/d1'),
(69, 'https://i.turner.ncaa.com/sites/default/files/styles/2x1/public/tiles/graphic/05/2018/13306614.jpeg'),
(69, 'https://www.ncaa.com/march-madness'),
(69, 'http://bracketchallenge.ncaa.com'),
(69, 'https://www.ncaa.com/schools'),
(69, 'https://www.ncaa.com/video'),
(69, 'https://www.ncaa.com/news/ncaa/article/2013-09-17/ncaa-championship-brackets'),
(69, 'https://www.ncaa.com/news/ncaa/article/2013-09-17/ncaa-rankings'),
(69, 'https://www.ncaa.com/newsletter-signup'),
(69, 'https://www.ncaa.com/tickets'),
(69, 'https://www.ncaa.com/news/ncaa/article/2013-11-26/ncaa-ticket-exchange'),
(69, 'https://www.primesport.com/about/ncaaexp'),
(69, 'https://www.youtube.com/ncaaondemand'),
(69, 'http://ncaa.com/travel'),
(69, 'https://www.ncaa.com/final-four/tickets-hospitality'),
(69, 'https://www.ncaa.com/march-madness/schedule'),
(69, 'https://www.ncaa.com/championships'),
(69, 'https://www.ncaa.com/shop'),
(69, 'https://www.ncaa.com/finalfour'),
(69, 'https://www.ncaa.com/womensfinalfour'),
(69, 'https://www.ncaa.com/frozenfour'),
(69, 'https://www.ncaa.com/wcws'),
(69, 'https://www.ncaa.com/cws'),
(69, 'http://www.ncaa.org'),
(69, 'http://www.ncaahallofchampions.org/index.php'),
(69, 'http://www.ncaa.org/student-athletes/future'),
(69, 'https://www.ncaa.com/news/ncaa/article/2011-02-25/corporate-champions-and-partners'),
(69, 'https://www.ncaa.com/media'),
(69, 'http://on.ncaa.com/2pAbX4M'),
(69, 'https://www.ncaa.com/contact-us'),
(69, 'https://www.ncaa.com/tos'),
(69, 'https://www.ncaa.com/closed-captioning'),
(69, 'https://i.cdn.turner.com/cnn/.e/img/3.0/global/misc/logo_ad_choices_footer.png'),
(69, 'http://www.turner.com'),
(69, 'https://schema.org'),
(69, 'https://cdns.gigya.com/js/gigya.js'),
(69, 'https://z.cdn.turner.com/analytics/ncaa/jsmd-prod.js'),
(69, 'https://i2.turner.ncaa.com/sites/default/files/js/js_t5xlJvcqG3cDFDg1d1G5CbsXI3fyFoyhWHPasmDRDgs.js'),
(69, 'https://i.turner.ncaa.com/sites/all/modules/custom/ncaa_analytics/trackers/watch-live-tracker.js'),
(69, 'https://i.turner.ncaa.com/sites/all/modules/custom/ncaa_analytics/trackers/ff-home-tracker.js'),
(69, 'https://i2.turner.ncaa.com/sites/default/files/js/js_eKYZQnIMww7FAtGc5wVwBVJ48cfdWL8rVf_tFzlwPOc.js'),
(70, 'https://cdns.gigya.com/js/gigya.js'),
(70, 'https://static-wildcat.nfl.com'),
(70, 'https://static-wildcat.nfl.com/bundles/manifest.afc6caeb.bundle.js'),
(70, 'https://static-wildcat.nfl.com/bundles/www.nfl.ff20cea5.bundle.js'),
(70, 'https://static.nfl.com/static/content/public/static/img/share/shield.jpg'),
(70, 'https://schema.org'),
(70, 'https://www.nfl.com'),
(70, 'https://static.nfl.com/static/content/public/static/img/navigation/shields/header-shield.png'),
(70, 'https://www.youtube.com/user/NFL'),
(70, 'https://twitter.com/nfl'),
(70, 'https://www.facebook.com/NFL'),
(70, 'https://www.instagram.com/nfl/'),
(70, 'https://www.linkedin.com/company/national-football-league'),
(70, 'https://www.pinterest.com/NFL/'),
(70, 'https://plus.google.com/'),
(70, 'https://static.nfl.com/static/content/public/static/wildcat/assets/fonts/endzone-sans/bold.woff2'),
(70, 'https://static.nfl.com/static/content/public/static/wildcat/assets/fonts/endzone-sans/bold.woff'),
(70, 'https://static.nfl.com/static/content/public/static/wildcat/assets/fonts/endzone-sans/light.woff2'),
(70, 'https://static.nfl.com/static/content/public/static/wildcat/assets/fonts/endzone-sans/light.woff'),
(70, 'https://static.nfl.com/static/content/public/static/wildcat/assets/fonts/endzone-sans/medium.woff2'),
(70, 'https://static.nfl.com/static/content/public/static/wildcat/assets/fonts/endzone-sans/medium.woff'),
(70, 'https://static.nfl.com/static/content/public/static/wildcat/assets/fonts/noto-serif/serif.woff2'),
(70, 'https://static.nfl.com/static/content/public/static/wildcat/assets/fonts/noto-serif/serif.woff'),
(70, 'https://nfl.com'),
(70, 'https://static.nfl.com/static/content/public/static/wildcat/assets/img/application-shell/shield/default.svg'),
(70, 'https://www.nfl.com/news'),
(70, 'https://www.nfl.com/scores'),
(70, 'https://www.nfl.com/schedules'),
(70, 'https://www.nfl.com/standings'),
(70, 'https://www.nfl.com/videos'),
(70, 'https://www.nfl.com/draft/tracker/picks'),
(70, 'https://static.nfl.com/static/content/public/static/wildcat/assets/img/application-shell/ic_menu_eee.svg'),
(70, 'https://static.nfl.com/static/content/public/static/wildcat/assets/img/application-shell/ic_hide_eee.svg'),
(70, 'https://www.nfl.com/freeagency'),
(70, 'https://www.nfl.com/gamepass'),
(70, 'https://www.nfl.com/stats/player'),
(70, 'https://www.nfl.com/ways-to-watch'),
(70, 'https://www.nfl.com/network'),
(70, 'https://www.nfl.com/photoessays'),
(70, 'https://static.nfl.com/static/content/public/static/wildcat/assets/img/application-shell/ic_search_eee.svg'),
(70, 'http://www.nfl.com/fantasyfootball'),
(70, 'http://www.nfl.com/tickets'),
(70, 'http://www.nflshop.com/source/bm-nflcom-2017-Header-Shop-Tab'),
(70, 'http://www.nfl.com/teams'),
(70, 'https://static.nfl.com/static/content/public/static/wildcat/assets/img/application-shell/ic_keyboard_arrow_left_black_24px.svg'),
(70, 'http://www.nfl.com/videos/nfl-videos/0ap3000000932591/Rookies-mothers-tell-their-stories-of-the-2018-NFL-Draft'),
(70, 'http://www.nfl.com/news/story/0ap3000000932617/article/former-rams-seahawks-coach-chuck-knox-dies-at-86'),
(70, 'http://www.nfl.com/news/story/0ap3000000932356/article/david-tepper-emerging-as-favorite-to-buy-panthers'),
(70, 'http://www.nfl.com/news/story/0ap3000000932613/article/nfl-community-celebrates-mothers-day'),
(70, 'http://www.nfl.com/news/story/0ap3000000932612/article/saints-wont-increase-kamaras-carries-with-ingram-out'),
(70, 'http://www.nfl.com/news/story/0ap3000000932605/article/payton-would-absolutely-consider-adrian-peterson'),
(70, 'http://www.nfl.com/news/story/0ap3000000932606/article/vance-joseph-keenum-to-give-lynch-chance-to-relax'),
(70, 'http://www.nfl.com/news/story/0ap3000000932588/article/wilks-on-cardinals-qbs-sam-bradford-is-our-starter'),
(70, 'http://www.nfl.com/news/story/0ap3000000932550/article/colts-have-no-doubt-andrew-luck-will-be-ready-by-camp'),
(70, 'http://www.nfl.com/news/story/0ap3000000932481/article/mcdaniels-i-definitely-want-to-be-a-head-coach-again'),
(70, 'http://www.nfl.com/news'),
(70, 'http://www.nfl.com/news/story/0ap3000000932328/article/2018-nfl-draft-firstround-signing-tracker'),
(70, 'http://www.nfl.com/news/story/0ap3000000930766/article/nfc-east-draft-grades-cowboys-enjoy-fruitful-weekend-in-dallas'),
(70, 'http://www.nfl.com/news/story/0ap3000000932320/article/maddox-big-ben-will-treat-mason-rudolph-with-respect'),
(70, 'http://www.nfl.com/news/story/0ap3000000930789/article/2018-nfl-draft-class-power-rankings-teams-18'),
(70, 'http://www.nfl.com/news/story/0ap3000000930361/article/projecting-top-100-nfl-rookies-of-2018-players-125'),
(70, 'http://www.nfl.com/news/story/0ap3000000930183/article/2018-undrafted-freeagent-deals-for-all-32-nfl-teams'),
(70, 'http://www.nfl.com/news/story/0ap3000000930537/article/2018-nfl-draft-20-undrafted-rookies-in-most-favorable-situations'),
(70, 'http://www.nfl.com/news/story/0ap3000000931599/article/top-150-college-football-players-to-watch-in-2018-nos-150'),
(70, 'http://www.nfl.com/news/story/0ap3000000930482/article/harbaugh-ozzie-newsomes-last-draft-might-be-finest'),
(70, 'https://www.nfl.com/draft/home'),
(70, 'http://www.nfl.com/watch'),
(70, 'http://www.nfl.com/news/story/0ap3000000932109/article/nfl-people-to-root-for-larry-fitzgerald-carson-wentz-eric-berry'),
(70, 'http://www.nfl.com/news/story/0ap3000000932202/article/7-lateround-nfl-draft-picks-likely-to-exceed-expectations-in-2018'),
(70, 'http://www.nfl.com/news/story/0ap3000000932218/article/chiefs-jaguars-among-most-vulnerable-division-winners'),
(70, 'https://static.nfl.com/static/content/public/static/wildcat/assets/icons/ic_playVideo.svg'),
(70, 'http://www.nfl.com/photoessays/0ap3000000932463'),
(70, 'http://www.nfl.com/videos/oakland-raiders/0ap3000000836502/Marshawn-Lynch-shows-love-for-his-mom-with-hug'),
(70, 'http://www.nfl.com/videos/nfl-draft-red-carpet/0ap3000000928833/Shaquem-Griffin-s-mom-reflects-on-her-son-s-emotional-journey-to-the-draft'),
(70, 'https://www.nfl.com/videos/nfl-features'),
(70, 'http://www.nfl.com/videos/nfl-game-highlights/0ap3000000932518/Highlights-from-Josh-Rosen-s-first-day-at-Cardinals-rookie-minicamp'),
(70, 'http://www.nfl.com/videos/nfl-game-highlights/0ap3000000932558/Highlights-from-Saquon-Barkley-s-first-day-at-Giants-rookie-minicamp'),
(70, 'http://www.nfl.com/videos/buffalo-bills/0ap3000000932504/Highlights-from-Josh-Allen-s-first-day-at-Bills-rookie-minicamp'),
(70, 'http://www.nfl.com/videos/new-york-giants/0ap3000000932346/Barkley-answers-critics-who-say-RBs-shouldn-t-be-drafted-at-No-2'),
(70, 'https://static.nfl.com/static/content/public/static/wildcat/assets/img/logos/shows/logo--shows-top100-2018.png'),
(70, 'https://imagecomposer.nfl.com/'),
(70, 'http://s.nflcdn.com/static/content/public/static/wildcat/assets/img/logos/shows/logo--shows-top100-2018.png'),
(70, 'https://www.nfl.com/videos/nfl-network-shows'),
(70, 'http://www.nfl.com/news/story/0ap3000000932327/article/2018-nfl-draft-seven-earlyround-picks-likely-to-be-slow-starters'),
(70, 'http://www.nfl.com/news/story/0ap3000000931851/article/nfls-top-10-offenses-saints-patriots-steelers-top-list'),
(70, 'http://www.nfl.com/news/story/0ap3000000932334/article/mailbag-dawn-of-eagles-era-rams49ers-rivalry-back'),
(70, 'http://www.nfl.com/news/story/0ap3000000932227/article/2018-nfl-guarantees-la-rules-mitch-trubisky-rises-and-more'),
(70, 'https://www.nfl.com/videos/analysis'),
(70, 'http://www.nfl.com/labs/rr/pathtothedraft/pettis'),
(70, 'http://www.nfl.com/news/story/0ap3000000932185/article/ichiro-wants-to-know-who-the-expletive-is-brady'),
(70, 'http://www.nfl.com/labs/rr/pathtothedraft/key'),
(70, 'http://www.nfl.com/labs/rr/pathtothedraft/ward'),
(70, 'http://www.nfl.com/news/story/0ap3000000932032/article/2018-allrookie-team-josh-rosen-bradley-chubb-will-thrive'),
(70, 'http://www.nfl.com/news/story/0ap3000000931779/article/nfl-rookie-superlatives-derwin-james-josh-rosen-to-excel'),
(70, 'http://www.nfl.com/news/story/0ap3000000931689/article/7-college-football-teams-that-could-be-next-to-dominate-nfl-draft'),
(70, 'http://www.nfl.com/videos/rich-eisen-show/0ap3000000932353/Reid-explains-why-he-chose-Mahomes-over-Watson-in-17-draft'),
(70, 'https://www.49ers.com/photos/49ers-offseason-training-program-5-8'),
(70, 'http://www.baltimoreravens.com/news/article-1/Ravens-Devising-Ways-to-Use-Lamar-Jackson-in-Laboratory-and-Hes-Cool-With-It/331d85e6-46d2-4563-b3b0-e8a009529bd2'),
(70, 'http://www.patriots.com/news/2018/05/11/draft-review-age-8-michel-decided-his-fate'),
(70, 'http://www.panthers.com/media-vault/photo-gallery/Photos-At-home-with-DJ-Moore/c7f14d6e-ab70-44f9-894b-f1d82abfbf63'),
(70, 'http://www.nfl.com/photoessays/0ap3000000930293'),
(70, 'http://www.nfl.com/videos/nfl-top100-2018/0ap3000000931883/Top-100-Players-of-2018-Odell-Beckham-Jr-No-77'),
(70, 'http://www.nfl.com/videos/nfl-network-around-the-nfl/0ap3000000931841/Where-will-Odell-Beckham-Jr-land-on-next-year-s-Top-100-list'),
(70, 'http://www.nfl.com/videos/nfl-top100-2018/0ap3000000931885/Top-100-Players-of-2018-Kam-Chancellor-No-75'),
(70, 'http://www.nfl.com/top100'),
(70, 'http://www.nfl.com/news/story/0ap3000000932031/article/afc-south-projected-starters-jaguars-loaded-texans-topheavy'),
(70, 'http://www.nfl.com/news/story/0ap3000000932215/article/afc-west-projected-starters-kcs-makeover-chargers-stacked'),
(70, 'http://www.nfl.com/news/story/0ap3000000931748/article/afc-east-projected-starters-patriots-deep-sam-darnold-to-start'),
(70, 'http://www.nfl.com/news/story/0ap3000000931856/article/afc-north-projected-starters-browns-new-feel-joe-flaccos-test'),
(70, 'https://static.nfl.com/static/content/public/static/img/ways-to-watch/logo--league-gamepassStackedDark.png'),
(70, 'http://s.nflcdn.com/static/content/public/static/img/ways-to-watch/logo--league-gamepassStackedDark.png'),
(70, 'http://www.nfl.com/gamepass'),
(70, 'http://static.nfl.com/static/content/public/photo/2018/05/11/0ap3000000932594.jpg'),
(70, 'https://static.nfl.com/static/content/public/photo/2018/05/13/0ap3000000932614.jpg'),
(70, 'https://static.nfl.com/static/content/public/photo/2018/05/12/0ap3000000932601.jpg'),
(70, 'https://static.nfl.com/static/content/public/photo/2018/05/10/0ap3000000932205.jpg'),
(70, 'https://static.nfl.com/static/content/public/photo/2018/05/09/0ap3000000932167.jpg'),
(70, 'https://static.nfl.com/static/content/public/video/2018/05/11/0ap3000000932591_video_player_cp.jpg'),
(70, 'https://static.nfl.com/static/content/public/photo/2018/05/11/0ap3000000932464.jpg'),
(70, 'https://static.nfl.com/static/content/public/video/2017/08/28/0ap3000000836502_video_player_cp.jpg'),
(70, 'https://static.nfl.com/static/content/public/video/2018/04/26/0ap3000000928833_video_player_cp.jpg'),
(70, 'https://static.nfl.com/static/content/public/video/2018/05/11/0ap3000000932518_video_player_cp.jpg'),
(70, 'https://static.nfl.com/static/content/public/video/2018/05/11/0ap3000000932558_video_player_cp.jpg'),
(70, 'https://static.nfl.com/static/content/public/video/2018/05/11/0ap3000000932504_video_player_cp.jpg'),
(70, 'https://static.nfl.com/static/content/public/video/2018/05/11/0ap3000000932346_video_player_cp.jpg'),
(70, 'http://static.nfl.com/static/content/public/photo/2018/05/10/0ap3000000932308.jpg'),
(70, 'https://static.nfl.com/static/content/public/photo/2018/05/10/0ap3000000932296.jpg'),
(70, 'https://static.nfl.com/static/content/public/photo/2018/05/10/0ap3000000932210.jpg'),
(70, 'https://static.nfl.com/static/content/public/photo/2018/05/11/0ap3000000932333.jpg'),
(70, 'https://static.nfl.com/static/content/public/photo/2018/05/10/0ap3000000932207.jpg'),
(70, 'https://static.nfl.com/static/content/public/photo/2018/05/08/0ap3000000932008.jpg'),
(70, 'https://static.nfl.com/static/content/public/photo/2018/05/09/0ap3000000932169.jpg'),
(70, 'https://static.nfl.com/static/content/public/photo/2018/05/09/0ap3000000932150.jpg'),
(70, 'https://static.nfl.com/static/content/public/photo/2018/05/10/0ap3000000932282.jpg'),
(70, 'https://static.nfl.com/static/content/public/photo/2018/05/09/0ap3000000932122.jpg'),
(70, 'https://static.nfl.com/static/content/public/photo/2018/05/09/0ap3000000932104.jpg'),
(70, 'https://static.nfl.com/static/content/public/photo/2018/05/07/0ap3000000931846.jpg'),
(70, 'https://static.nfl.com/static/content/public/video/2018/05/11/0ap3000000932353_video_player_cp.jpg'),
(70, 'http://static.nfl.com/static/content/public/photo/2018/05/12/0ap3000000932611.jpg'),
(70, 'https://static.nfl.com/static/content/public/photo/2018/05/09/0ap3000000932174.jpg'),
(70, 'https://static.nfl.com/static/content/public/photo/2018/05/11/0ap3000000932350.jpg'),
(70, 'https://static.nfl.com/static/content/public/photo/2018/05/12/0ap3000000932602.jpg'),
(70, 'https://static.nfl.com/static/content/public/photo/2018/05/09/0ap3000000932172.jpg'),
(70, 'https://static.nfl.com/static/content/public/photo/2018/05/07/0ap3000000931925.jpg'),
(70, 'https://static.nfl.com/static/content/public/video/2018/05/07/0ap3000000931883_video_player_cp.jpg'),
(70, 'https://static.nfl.com/static/content/public/video/2018/05/07/0ap3000000931841_video_player_cp.jpg'),
(70, 'https://static.nfl.com/static/content/public/video/2018/05/07/0ap3000000931885_video_player_cp.jpg'),
(70, 'https://static.nfl.com/static/content/public/photo/2018/05/08/0ap3000000932030.jpg'),
(70, 'https://static.nfl.com/static/content/public/photo/2018/05/10/0ap3000000932216.jpg'),
(70, 'https://static.nfl.com/static/content/public/photo/2018/05/07/0ap3000000931729.jpg'),
(70, 'https://static.nfl.com/static/content/public/photo/2018/05/08/0ap3000000931967.jpg'),
(70, 'http://static.nfl.com/static/content/public/photo/2017/11/20/0ap3000000880883.jpg'),
(71, 'http://www.w3.org/TR/xhtml1/DTD/xhtml1-transitional.dtd'),
(71, 'http://www.w3.org/1999/xhtml'),
(71, 'http://storage.media.ext.hp.com/images/homepage/wonder_social_d.jpg'),
(71, 'http://www.hp.com'),
(71, 'http://www8.hp.com/us/en/home.html'),
(71, 'http://www.www8-hp.com/us/en/system/styles/cssFiles.jsp'),
(71, 'http://www.www8-hp.com/us/en/system/styles/hpi/hpi-fontface-core.css'),
(71, 'http://www.www8-hp.com/us/en/system/styles/hpi/caas-hf-v4.0/hpi-hf-r.css'),
(71, 'https://www.youtube.com/iframe_api'),
(71, 'http://www.www8-hp.com/us/en/scripts/jsFiles.jsp'),
(71, 'http://www.www8-hp.com/us/en/scripts/hpi/caas-hf-v4.0/hpi-hf-r-jq.js'),
(71, 'http://www.www8-hp.com/us/en/scripts/hpi/caas-hf-v4.0/hpi-autocomplete-loader-store-jq.js'),
(71, 'https://ssl.www8.hp.com/h10000/cma/tms/metrics.js'),
(71, 'http://www8.hp.com/h10000/cma/tms/metrics.js'),
(71, 'http://www.hp.com/cma/ng/lib/hpanalytics_common.js'),
(71, 'http://www.omniture.com'),
(71, 'https://met1.hp.com/b/ss/hpcsglobalnoscript/1/H.20.3--NS/0'),
(71, 'http://www.www8-hp.com/us/en/images/i/hpi/header-footer/caas-hf-v3.2/hpi-hp-logo-pr.gif'),
(71, 'https://store.hp.com/us/en/cat/laptops'),
(71, 'http://www8.hp.com/us/en/laptops/business-laptops-tablets.html'),
(71, 'http://www8.hp.com/us/en/premium/laptops/index.html'),
(71, 'http://www8.hp.com/us/en/campaigns/gamingpcs/overview.html'),
(71, 'https://store.hp.com/us/en/vwa/laptops/form'),
(71, 'http://www8.hp.com/us/en/workstations/overview.html'),
(71, 'https://store.hp.com/us/en/cv/weekly-deals'),
(71, 'https://store.hp.com/us/en/cat/desktops'),
(71, 'http://www8.hp.com/us/en/desktops/business-desktops.html'),
(71, 'http://www8.hp.com/us/en/campaigns/sprout-pro/overview.html'),
(71, 'https://store.hp.com/us/en/vwa/desktops/form'),
(71, 'https://store.hp.com/us/en/cv/printers'),
(71, 'https://store.hp.com/us/en/vwa/printers/segm'),
(71, 'http://www8.hp.com/us/en/printers/business-printers.html'),
(71, 'http://www8.hp.com/us/en/printers/sprocket.html'),
(71, 'https://store.hp.com/us/en/vwa/printers/prnttyp'),
(71, 'https://store.hp.com/us/en/mdp/printers/scanjet--1'),
(71, 'http://www8.hp.com/us/en/commercial-printers/graphic-arts.html'),
(71, 'http://www8.hp.com/us/en/printers/3d-printers.html'),
(71, 'https://store.hp.com/us/en/cat/ink--toner---paper'),
(71, 'https://store.hp.com/us/en/cv/accessories'),
(71, 'http://www8.hp.com/us/en/solutions/business-solutions.html'),
(71, 'http://www8.hp.com/us/en/solutions/security/thewolf.html'),
(71, 'http://www8.hp.com/us/en/solutions/business-solutions/services.html'),
(71, 'http://www8.hp.com/us/en/solutions/business-solutions/printingsolutions/overview.html'),
(71, 'http://www8.hp.com/us/en/solutions/vrready/index.html'),
(71, 'https://store.hp.com/us/en/cat/business-solutions'),
(71, 'http://www8.hp.com/us/en/hp-information/business-site/index.html'),
(71, 'https://government.hp.com/index.aspx'),
(71, 'http://support.hp.com/us-en/'),
(71, 'http://support.hp.com/us-en/products/'),
(71, 'http://support.hp.com/us-en/drivers'),
(71, 'http://h30434.www3.hp.com/'),
(71, 'http://www8.hp.com/us/en/services/consumer/smartfriend-overview.html'),
(71, 'http://www8.hp.com/us/en/services/overview.html'),
(71, 'http://www8.hp.com/us/en/services/consumer/services-overview.html'),
(71, 'https://parts.hp.com/hpparts/default.aspx'),
(71, 'http://www8.hp.com/us/en/search/search-results.html'),
(71, 'https://store.hp.com/webapp/wcs/stores/servlet/AjaxOrderItemDisplayView'),
(71, 'http://www.www8-hp.com/us/en/images/mothers_day_2018_05_04_tcm245_2635139_tcm245_2634811_tcm245-2635139.jpg'),
(71, 'https://store.hp.com/us/en/cv/sprocket-photo-printers'),
(71, 'http://www.www8-hp.com/us/en/images/mothers_day_2018_05_04_T_tcm245_2635142_tcm245_2634812_tcm245-2635142.jpg'),
(71, 'http://www.www8-hp.com/us/en/images/zbook_x2_left_2018_04_11_tcm245_2619807_tcm245_2635143_tcm245-2619807.png'),
(71, 'http://www8.hp.com/us/en/campaigns/workstations/zbook-x2'),
(71, 'http://store.hp.com/us/en/mdp/business-solutions/hp-zbook-x2-detachable-workstation'),
(71, 'http://www8.hp.com/us/en/campaigns/omenxlaptop/overview.html'),
(71, 'http://store.hp.com/us/en/mdp/laptops/omen-x-3074457345617218177-1'),
(71, 'http://www.www8-hp.com/us/en/images/omen_x_laptop_2018_04_09b_tcm245_2618303_tcm245_2619197_tcm245-2618303.png'),
(71, 'http://www.www8-hp.com/us/en/images/spectre_rightleft_768x600_tcm245_2612797_tcm245_2619198_tcm245-2612797.png'),
(71, 'http://www8.hp.com/us/en/campaigns/spectre-laptop/overview.html'),
(71, 'http://www8.hp.com/us/en/'),
(71, 'http://www8.hp.com/us/en/printers/officejet-pro-printers.html'),
(71, 'http://store.hp.com/us/en/SearchDisplay'),
(71, 'http://www.www8-hp.com/us/en/images/OJP8720_right_768x600_tcm245_2612721_tcm245_2619199_tcm245-2612721.png'),
(71, 'http://www8.hp.com/us/en/hp-information/index.html'),
(71, 'http://www8.hp.com/us/en/contact-hp/contact.html'),
(71, 'http://www8.hp.com/us/en/jobs/index.html'),
(71, 'http://h30261.www3.hp.com/'),
(71, 'http://www8.hp.com/us/en/hp-information/global-citizenship/index.html'),
(71, 'https://press.ext.hp.com/us/en.html'),
(71, 'https://garage.ext.hp.com/us/en.html'),
(71, 'https://store.hp.com'),
(71, 'http://www8.hp.com/us/en/store-finder/index.do'),
(71, 'http://www8.hp.com/us/en/contact-hp/shopping.html'),
(71, 'https://locator.itcs.hp.com/us/en/'),
(71, 'http://h30434.www3.hp.com'),
(71, 'https://register.hp.com/americas/flowPage/registration/index.do'),
(71, 'http://www8.hp.com/us/en/store-finder/find.do'),
(71, 'https://h20212.www2.hp.com/Cso_Status/CsoStatus.aspx'),
(71, 'https://hpsalescentral.com/'),
(71, 'http://www8.hp.com/us/en/hpfraud-alert.html'),
(71, 'http://www8.hp.com/us/en/hp-information/hp-partner-first/overview.html'),
(71, 'https://partner.hp.com/login'),
(71, 'https://developers.hp.com/'),
(71, 'http://www.facebook.com/HP'),
(71, 'https://www.linkedin.com/company/hp'),
(71, 'https://twitter.com/HP'),
(71, 'http://www.youtube.com/hp'),
(71, 'https://h41369.www4.hp.com/subhub.php'),
(71, 'http://www8.hp.com/us/en/hp-information/recalls.html'),
(71, 'http://www8.hp.com/us/en/hp-information/environment/product-recycling.html'),
(71, 'http://www8.hp.com/us/en/hp-information/accessibility-aging/index.html'),
(71, 'http://www8.hp.com/us/en/hp-information/global-citizenship/society/california-transparency-in-supply-chains-act-of-2010.html'),
(71, 'http://www8.hp.com/us/en/sitemap.html'),
(71, 'http://www8.hp.com/us/en/privacy/privacy.html'),
(71, 'http://www8.hp.com/us/en/terms-of-use.html'),
(71, 'http://www8.hp.com/us/en/privacy/limited_warranty.html'),
(71, 'http://store.hp.com/us/en/ContentView'),
(71, 'https://hpgcs.freshdesk.com/admin/home'),
(71, 'http://www8.hp.com/caas/header-footer/us/en/default/4.0.r/footer/country-selector'),
(72, 'http://ogp.me/ns/fb'),
(72, 'http://ogp.me/ns'),
(72, 'http://ogp.me/ns/article'),
(72, 'http://ogp.me/ns/book'),
(72, 'http://ogp.me/ns/profile'),
(72, 'http://ogp.me/ns/video'),
(72, 'http://ogp.me/ns/product'),
(72, 'http://www.syfy.com/sites/syfy/themes/syfy/favicons/favicon.ico'),
(72, 'http://drupal.org'),
(72, 'http://www.syfy.com/scifi'),
(72, 'http://www.syfy.com/sites/syfy/themes/syfy/default.jpg'),
(72, 'http://www.syfy.com/sites/syfy/files/css/css_2VWmjUt59_T44u0DsjVw7UYBavbztamJvRw3yq9xOXQ.css'),
(72, 'http://www.syfy.com/sites/syfy/files/css/css_XW3gNESJAy-cmyNmvO-xGsxgGtm8y8YkUx8Ooql8hh8.css'),
(72, 'http://www.syfy.com/sites/syfy/files/css/css_wPXgxTsj97gkDKA6Is6Wx-TUO8g-z_eh-TKPvA9mryE.css'),
(72, 'http://www.syfy.com/sites/syfy/files/css/css_GYCRtZtlQAL3g5XWP1pxVvfDZqeH6gtNEcQL7P9kZD8.css'),
(72, 'http://www.syfy.com/sites/syfy/files/js/js_1S3DvBE0uhZ-VbvsSjOzvu4BOiS2AVD651fRLjIbPQI.js'),
(72, 'http://www.syfy.com/sites/syfy/files/js/js_pREQwMBF3pMD3fv7qHYYGLAt7PFdTJ9zjNn_lf_LUdk.js'),
(72, 'http://www.syfy.com/sites/syfy/files/js/js_d6g9_kpO7POPbP406mOY6vu1NoeRLfc61w0k-rKEw4A.js'),
(72, 'http://www.syfy.com/sites/syfy/files/js/js_kjyQqnYbrON7KtS3OOC9h8s207_8x4j06PCV-TMMsTQ.js'),
(72, 'https://ak.sail-horizon.com/spm/spm.v1.min.js'),
(72, 'http://www.syfy.com/sites/syfy/files/js/js_KdoMLhsTS1j66HUGJUt_hAZZ1jGVGCnYMjfmhwOu9Ww.js'),
(72, 'https://www.youtube.com/iframe_api'),
(72, 'https://player.vimeo.com/api/player.js'),
(72, 'http://www.syfy.com/sites/syfy/files/js/js_wd_QEfv8dGm66ftI21st3cxgRCIxhNPxmLrBfzMO5Ec.js'),
(72, 'http://www.syfy.com/sites/syfy/files/js/js_WEp-C7-YY9ZtDPjKP_gEFDz-dYxQ21I0TE_5TAJXrps.js'),
(72, 'http://cdn.gigya.com/JS/socialize.js'),
(72, 'http://www.syfy.com/sites/syfy/files/js/js_1VNGEp5J8oFHW--g-U2ftFENR19aB_luJqTXObV0QlA.js'),
(72, 'http://www.syfy.com/sites/syfy/files/js/js_7rDcm67sbldkQxHOxuiAjXp7XRcW9kB5azuUPCxjMKk.js'),
(72, 'http://www.syfy.com/sites/syfy/files/styles/syfy_wire_nav_pulldown_teaser/public/2018/05/into_the_badlands_304_widow_2.jpg'),
(72, 'http://www.syfy.com/sites/syfy/files/styles/syfy_wire_nav_pulldown_teaser/public/2018/05/into_the_badlands_304_lewis_tan.jpg'),
(72, 'http://www.syfy.com/sites/syfy/files/styles/syfy_wire_nav_pulldown_teaser/public/2018/05/ftwd_405_rf_0122_0200-rt.jpg'),
(72, 'http://www.syfy.com/blog'),
(72, 'http://www.syfygames.com/'),
(72, 'https://www.syfystore.com/'),
(72, 'http://nbc.researchresults.com/'),
(72, 'https://www.facebook.com/Syfy'),
(72, 'https://twitter.com/syfy'),
(72, 'https://www.youtube.com/syfy'),
(72, 'http://www.syfy.com/sites/syfy/files/styles/320x180/public/krypton_show_pulldown_v2_1280x720.png'),
(72, 'http://www.syfy.com/sites/syfy/files/styles/320x180/public/theexpanse_s3_show_pulldown_1280x720.png'),
(72, 'http://www.syfy.com/sites/syfy/files/styles/320x180/public/2017/09/12Monkeys_s3_show_pulldown_1280x720_0.png'),
(72, 'http://www.syfy.com/sites/syfy/files/styles/320x180/public/2017/09/TheMagicians_show_pulldown_1280x720.png'),
(72, 'http://www.syfy.com/sites/syfy/files/styles/320x180/public/happy_show_pulldown_1280x720_0.png'),
(72, 'http://www.syfy.com/sites/syfy/files/styles/320x180/public/2018/01/channelzerobutchersblock_show_pulldown_1280x720.png'),
(72, 'http://www.syfy.com/sites/syfy/files/styles/320x180/public/2017/08/VanHelsing_S2_show_pulldown_1280x720.png'),
(72, 'http://www.syfy.com/sites/syfy/files/styles/syfy_wire_nav_pulldown_teaser/public/pub-mpx-thumbnails/tve-static-syfy.akamaized.net/prod/image/116/287/180504_3716728_Savage_Night_800x450_1229557828001.jpg'),
(72, 'http://www.syfy.com/sites/syfy/files/styles/syfy_wire_nav_pulldown_teaser/public/pub-mpx-thumbnails/tve-static-syfy.akamaized.net/prod/image/121/667/180504_3716722_Triple_Point_800x450_1229564483993.jpg'),
(72, 'http://www.syfy.com/sites/syfy/files/styles/syfy_wire_nav_pulldown_teaser/public/pub-mpx-thumbnails/tve-static-syfy.akamaized.net/prod/image/363/739/180426_3710659_Transformation_anvver_2_800x450_1224450627649.jpg'),
(72, 'http://www.syfy.com/sites/syfy/files/styles/syfy_wire_nav_pulldown_teaser/public/pub-mpx-thumbnails/tve-static-syfy.akamaized.net/prod/image/405/231/180426_3710658_Reload_anvver_3_800x450_1224491587614.jpg'),
(72, 'http://www.syfy.com/sites/syfy/files/styles/syfy_wire_nav_pulldown_teaser/public/Armageddon_hero.jpg'),
(72, 'http://www.syfy.com/sites/syfy/files/styles/syfy_wire_nav_pulldown_teaser/public/residentevilafterlife_hero_movie.jpg'),
(72, 'http://www.syfy.com/sites/syfy/files/styles/syfy_wire_nav_pulldown_teaser/public/2018/03/hellboy-ii-hellboy-ii-the-golden-army-3963065-1200-799.jpg'),
(72, 'http://www.syfy.com/sites/syfy/files/styles/syfy_wire_nav_pulldown_teaser/public/MenInBlack2_hero_movie.jpg'),
(72, 'http://www.syfy.com/sites/syfy/files/styles/syfy_shows_5-8_tile_smartphone_wide_1_5x/public/show_art_krypton_v2.jpg'),
(72, 'http://www.syfy.com/sites/syfy/files/styles/syfy_shows_5-8_tile_smartphone_wide_1x/public/show_art_krypton_v2.jpg'),
(72, 'http://www.syfy.com/sites/syfy/files/styles/syfy_shows_5-8_tile_smartphone_narrow_1_5x/public/show_art_krypton_v2.jpg'),
(72, 'http://www.syfy.com/sites/syfy/files/styles/syfy_shows_5-8_tile_smartphone_narrow_1x/public/show_art_krypton_v2.jpg'),
(72, 'http://www.syfy.com/sites/syfy/files/styles/medium/public/logo_krypton.png'),
(72, 'http://www.syfy.com/sites/syfy/files/styles/syfy_shows_5-8_tile_smartphone_wide_1_5x/public/show_art_expanse_s3.jpg'),
(72, 'http://www.syfy.com/sites/syfy/files/styles/syfy_shows_5-8_tile_smartphone_wide_1x/public/show_art_expanse_s3.jpg'),
(72, 'http://www.syfy.com/sites/syfy/files/styles/syfy_shows_5-8_tile_smartphone_narrow_1_5x/public/show_art_expanse_s3.jpg'),
(72, 'http://www.syfy.com/sites/syfy/files/styles/syfy_shows_5-8_tile_smartphone_narrow_1x/public/show_art_expanse_s3.jpg'),
(72, 'http://www.syfy.com/sites/syfy/files/styles/medium/public/2015/01/logo_v3_expanse.png'),
(72, 'http://www.syfy.com/sites/syfy/files/styles/syfy_shows_5-8_tile_smartphone_wide_1_5x/public/show_art_nightflyers_generic_0.jpg'),
(72, 'http://www.syfy.com/sites/syfy/files/styles/syfy_shows_5-8_tile_smartphone_wide_1x/public/show_art_nightflyers_generic_0.jpg'),
(72, 'http://www.syfy.com/sites/syfy/files/styles/syfy_shows_5-8_tile_smartphone_narrow_1_5x/public/show_art_nightflyers_generic_0.jpg'),
(72, 'http://www.syfy.com/sites/syfy/files/styles/syfy_shows_5-8_tile_smartphone_narrow_1x/public/show_art_nightflyers_generic_0.jpg'),
(72, 'http://www.syfy.com/sites/syfy/files/styles/medium/public/logo_nightflyers.png'),
(72, 'http://www.syfy.com/nightflyers/videos/nightflyers-first-look'),
(72, 'http://www.syfy.com/sites/syfy/files/styles/syfy_shows_5-8_tile_smartphone_wide_1_5x/public/show_art_magicians_s3.jpg'),
(72, 'http://www.syfy.com/sites/syfy/files/styles/syfy_shows_5-8_tile_smartphone_wide_1x/public/show_art_magicians_s3.jpg'),
(72, 'http://www.syfy.com/sites/syfy/files/styles/syfy_shows_5-8_tile_smartphone_narrow_1_5x/public/show_art_magicians_s3.jpg'),
(72, 'http://www.syfy.com/sites/syfy/files/styles/syfy_shows_5-8_tile_smartphone_narrow_1x/public/show_art_magicians_s3.jpg'),
(72, 'http://www.syfy.com/sites/syfy/files/styles/medium/public/logo_v3_Magicians.png'),
(72, 'http://www.syfy.com/sites/syfy/files/styles/syfy_shows_5-8_tile_smartphone_wide_1_5x/public/show_art_happy_0.jpg'),
(72, 'http://www.syfy.com/sites/syfy/files/styles/syfy_shows_5-8_tile_smartphone_wide_1x/public/show_art_happy_0.jpg'),
(72, 'http://www.syfy.com/sites/syfy/files/styles/syfy_shows_5-8_tile_smartphone_narrow_1_5x/public/show_art_happy_0.jpg'),
(72, 'http://www.syfy.com/sites/syfy/files/styles/syfy_shows_5-8_tile_smartphone_narrow_1x/public/show_art_happy_0.jpg'),
(72, 'http://www.syfy.com/sites/syfy/files/styles/medium/public/logo_happy_0.png'),
(72, 'http://www.syfy.com/sites/syfy/files/styles/syfy_shows_5-8_tile_smartphone_wide_1_5x/public/show_art_ChannelZeroNoEndHouse.jpg'),
(72, 'http://www.syfy.com/sites/syfy/files/styles/syfy_shows_5-8_tile_smartphone_wide_1x/public/show_art_ChannelZeroNoEndHouse.jpg'),
(72, 'http://www.syfy.com/sites/syfy/files/styles/syfy_shows_5-8_tile_smartphone_narrow_1_5x/public/show_art_ChannelZeroNoEndHouse.jpg'),
(72, 'http://www.syfy.com/sites/syfy/files/styles/syfy_shows_5-8_tile_smartphone_narrow_1x/public/show_art_ChannelZeroNoEndHouse.jpg'),
(72, 'http://www.syfy.com/sites/syfy/files/styles/medium/public/logo_channelzero_noendhouse_0.png'),
(72, 'http://www.syfy.com/sites/syfy/files/styles/syfy_shows_5-8_tile_smartphone_wide_1_5x/public/2018/01/show_art_channelzerobutchersblock_0.jpg'),
(72, 'http://www.syfy.com/sites/syfy/files/styles/syfy_shows_5-8_tile_smartphone_wide_1x/public/2018/01/show_art_channelzerobutchersblock_0.jpg'),
(72, 'http://www.syfy.com/sites/syfy/files/styles/syfy_shows_5-8_tile_smartphone_narrow_1_5x/public/2018/01/show_art_channelzerobutchersblock_0.jpg'),
(72, 'http://www.syfy.com/sites/syfy/files/styles/syfy_shows_5-8_tile_smartphone_narrow_1x/public/2018/01/show_art_channelzerobutchersblock_0.jpg'),
(72, 'http://www.syfy.com/sites/syfy/files/styles/medium/public/logo_channelzero_butchersblock_0.png'),
(72, 'http://www.syfy.com/tags/black-panther'),
(72, 'http://www.syfy.com/tags/wrinkle-time'),
(72, 'http://www.syfy.com/tags/tomb-raider'),
(72, 'http://www.syfy.com/tags/star-wars-last-jedi'),
(72, 'http://www.syfy.com/syfywire/tv'),
(72, 'http://www.syfy.com/tags/x-files-0'),
(72, 'http://www.syfy.com/tags/walking-dead'),
(72, 'http://www.syfy.com/syfywire/videos'),
(72, 'http://www.syfy.com/tags/behind-the-panel'),
(72, 'http://www.syfy.com/tags/in-2-minutes'),
(72, 'http://www.syfy.com/tags/watch-artists-sketch'),
(72, 'http://www.syfy.com/tags/strong-female-characters'),
(72, 'http://www.syfy.com/syfywire/podcast-episodes'),
(72, 'http://www.syfy.com/tags/the-fandom-files'),
(72, 'http://www.syfy.com/tags/colony-the-official-podcast'),
(72, 'https://www.sovhomestead.com/scifi/SciFiOrder.php'),
(72, 'http://nbcuni.com/privacy'),
(72, 'http://www.syfy.com/nbcuniversal-terms-of-use'),
(72, 'https://info.evidon.com/c/betrad/pub/'),
(72, 'http://cdn.betrad.com/pub/'),
(72, 'http://www.w3.org/2000/svg'),
(72, 'http://www.w3.org/1999/xlink'),
(72, 'http://outdatedbrowser.com'),
(72, 'http://www.syfy.com/sites/syfy/files/tve_auth2/Syfylogo.png'),
(72, 'http://www.syfy.com/faq'),
(72, 'http://www.syfy.com/sites/syfy/files/js/js_s0RBy91OYMdjaT34sIBM7k7kK8FpxBTOwp-suX_ByXo.js'),
(72, 'http://www.syfy.com/sites/syfy/files/js/js_REsLPu7rmWMjWdJcbmAAi4_CGneW_u1kgEQ0gfYfPC4.js'),
(72, 'https://s3.amazonaws.com/com.offerpop.experiences.prod.static/js/campaign.js'),
(72, 'http://www.syfy.com/sites/syfy/files/js/js_3yM5W22tQn-X7zEFkwKBC-TE9vPsogyNhl68LVmbzZM.js'),
(72, 'http://www.syfy.com/sites/syfy/files/js/js_jHfT91pmUr4SA-iXNx6Q69-1CNEXScpAXm2zWO9-ZyM.js'),
(72, 'https://github.com/bramstein/fontfaceobserver/');

-- --------------------------------------------------------

--
-- Table structure for table `sites`
--

CREATE TABLE `sites` (
  `site_id` int(11) NOT NULL,
  `site` varchar(255) COLLATE utf8_bin NOT NULL,
  `date` datetime NOT NULL
) ENGINE=InnoDB DEFAULT CHARSET=utf8 COLLATE=utf8_bin;

--
-- Dumping data for table `sites`
--

INSERT INTO `sites` (`site_id`, `site`, `date`) VALUES
(55, 'http://www.amazon.com', '2018-05-12 18:38:05'),
(56, 'http://www.amazon.com', '2018-05-12 18:38:29'),
(57, 'http://www.google.com', '2018-05-12 19:21:18'),
(58, 'http://www.stackoverflow.com', '2018-05-12 19:21:40'),
(59, 'http://www.stackoverflow.com', '2018-05-12 19:43:15'),
(60, 'http://www.fafsa.com', '2018-05-13 16:46:49'),
(61, 'http://www.reddit.com', '2018-05-13 17:51:28'),
(62, 'http://www.reddit.com', '2018-05-13 17:51:47'),
(63, 'http://www.animalplanet.com', '2018-05-13 17:53:16'),
(64, 'http://www.spotify.com', '2018-05-13 18:41:43'),
(65, 'http://www.weatherchannel.com', '2018-05-13 19:42:42'),
(66, 'http://www.citizensbank.com', '2018-05-13 19:50:36'),
(67, 'http://www.santander.com', '2018-05-13 19:52:46'),
(68, 'http://www.nba.com', '2018-05-13 19:53:40'),
(69, 'http://www.ncaa.com', '2018-05-13 19:54:29'),
(70, 'http://www.nfl.com', '2018-05-13 19:57:37'),
(71, 'http://www.hp.com', '2018-05-13 20:11:00'),
(72, 'http://www.scifi.com', '2018-05-14 07:45:56');

-- --------------------------------------------------------

--
-- Table structure for table `users`
--

CREATE TABLE `users` (
  `user_id` int(10) UNSIGNED NOT NULL,
  `email` varchar(150) COLLATE utf8_unicode_ci NOT NULL,
  `password` varchar(60) COLLATE utf8_unicode_ci NOT NULL,
  `created` datetime NOT NULL DEFAULT '0000-00-00 00:00:00'
) ENGINE=InnoDB DEFAULT CHARSET=utf8 COLLATE=utf8_unicode_ci;

--
-- Indexes for dumped tables
--

--
-- Indexes for table `categories`
--
ALTER TABLE `categories`
  ADD PRIMARY KEY (`category_id`),
  ADD UNIQUE KEY `category` (`category`);

--
-- Indexes for table `corps`
--
ALTER TABLE `corps`
  ADD PRIMARY KEY (`id`);

--
-- Indexes for table `demo`
--
ALTER TABLE `demo`
  ADD PRIMARY KEY (`id`);

--
-- Indexes for table `products`
--
ALTER TABLE `products`
  ADD PRIMARY KEY (`product_id`),
  ADD KEY `category_id` (`category_id`);

--
-- Indexes for table `sitelinks`
--
ALTER TABLE `sitelinks`
  ADD KEY `site_id` (`site_id`);

--
-- Indexes for table `sites`
--
ALTER TABLE `sites`
  ADD PRIMARY KEY (`site_id`);

--
-- Indexes for table `users`
--
ALTER TABLE `users`
  ADD PRIMARY KEY (`user_id`),
  ADD UNIQUE KEY `email` (`email`);

--
-- AUTO_INCREMENT for dumped tables
--

--
-- AUTO_INCREMENT for table `categories`
--
ALTER TABLE `categories`
  MODIFY `category_id` int(10) UNSIGNED NOT NULL AUTO_INCREMENT, AUTO_INCREMENT=5;

--
-- AUTO_INCREMENT for table `corps`
--
ALTER TABLE `corps`
  MODIFY `id` mediumint(8) UNSIGNED NOT NULL AUTO_INCREMENT, AUTO_INCREMENT=152;

--
-- AUTO_INCREMENT for table `demo`
--
ALTER TABLE `demo`
  MODIFY `id` int(10) UNSIGNED NOT NULL AUTO_INCREMENT, AUTO_INCREMENT=7;

--
-- AUTO_INCREMENT for table `products`
--
ALTER TABLE `products`
  MODIFY `product_id` int(10) UNSIGNED NOT NULL AUTO_INCREMENT, AUTO_INCREMENT=14;

--
-- AUTO_INCREMENT for table `sites`
--
ALTER TABLE `sites`
  MODIFY `site_id` int(11) NOT NULL AUTO_INCREMENT, AUTO_INCREMENT=73;

--
-- AUTO_INCREMENT for table `users`
--
ALTER TABLE `users`
  MODIFY `user_id` int(10) UNSIGNED NOT NULL AUTO_INCREMENT;

--
-- Constraints for dumped tables
--

--
-- Constraints for table `products`
--
ALTER TABLE `products`
  ADD CONSTRAINT `products_ibfk_1` FOREIGN KEY (`category_id`) REFERENCES `categories` (`category_id`);

--
-- Constraints for table `sitelinks`
--
ALTER TABLE `sitelinks`
  ADD CONSTRAINT `sitelinks_ibfk_1` FOREIGN KEY (`site_id`) REFERENCES `sites` (`site_id`);
COMMIT;

/*!40101 SET CHARACTER_SET_CLIENT=@OLD_CHARACTER_SET_CLIENT */;
/*!40101 SET CHARACTER_SET_RESULTS=@OLD_CHARACTER_SET_RESULTS */;
/*!40101 SET COLLATION_CONNECTION=@OLD_COLLATION_CONNECTION */;
